"Total PnL","Total PnL %","Max drawdown","Max drawdown %","Profitable trades","Profitable trades ratio","Profit factor","Initial capital","Open PnL: All","Open PnL %: All","Net PnL: All","Net PnL %: All","Net PnL: Long","Net PnL %: Long","Net PnL: Short","Net PnL %: Short","Gross profit: All","Gross profit %: All","Gross profit: Long","Gross profit %: Long","Gross profit: Short","Gross profit %: Short","Gross loss: All","Gross loss %: All","Gross loss: Long","Gross loss %: Long","Gross loss: Short","Gross loss %: Short","Profit factor: All","Profit factor: Long","Profit factor: Short","Commission paid: All","Commission paid: Long","Commission paid: Short","Expected payoff: All","Expected payoff: Long","Expected payoff: Short","Buy and hold PnL: All","Buy and hold PnL %: All","Buy and hold % gain: All","Strategy outperformance","Sharpe ratio","Sortino ratio","_setTime_","_parseTime_","_duration_","comment","__启用实盘时间过滤器","__启用牛熊过滤器","__启用P1形态切换平多","__启用P4形态切换平空","__MACD快线周期","__MACD慢线周期","__MACD信号线周期","__启用OBV过滤器","__OBV振荡器EMA周期","__启用双系统突破","__系统1失败过滤","__S1周期（短周期）","__S2周期（长周期）","__全局基础风险比例(%)","__实盘模式（固定本金）","__实盘本金（USDT）","__启用最大开仓量上限","__最大开仓量上限（BTC）","__P1 做多倍数 (突破)","__P2 做多倍数 (MACD)","__P3 做多倍数 (MACD)","__P4 做空倍数 (突破)","__P5 做多倍数","__P5 做空倍数","__P6 做多倍数","__P6 做空倍数","__启用P1损失冷却期","__冷却期内P1倍数","__启用价格止损","__止损比例(%)","__ATR初始止损倍数","__ATR追踪止损倍数（多头）","__ATR追踪止损倍数（空头）","__启用追踪止损","__追踪止损激活ATR倍数（多头）","__追踪止损激活ATR倍数（空头）","__激活追踪时保本止损","__启用加仓（金字塔）","__最大加仓次数（多头）","__最大加仓次数（空头）","__加仓数量倍数","__MA1周期","__MA1类型","__MA2周期","__MA2类型"
38425.99,384.26,3282.06,8.32,51.95,"40/77",3.675,10000,5738.29,13.44,32687.7,326.88,24869.71,248.7,7817.99,78.18,44908.78,449.09,35069.89,350.7,9838.89,98.39,12221.08,122.21,10200.18,102,2020.9,20.21,3.675,3.438,4.869,1727.89,1323.02,404.86,424.52,421.52,434.33,5990.21,59.9,59.9,26697.49,0.301,2.328,0,1.1,0,"Current parameters.",true,true,true,true,13,21,8,true,13,0,true,55,144,1,0,10524,0,10,2,1.5,1.3,1.8,1,1.1,1.1,1,true,1,true,4,2,11,3,true,5,5,true,true,1,0,0.5,144,"RMA",576,"RMA"
42232.72,422.33,4931.33,11.16,53.85,"42/78",3.587,10000,6181.29,13.42,36051.43,360.51,28214.91,282.15,7836.52,78.37,49987.82,499.88,39968.1,399.68,10019.72,100.2,13936.39,139.36,11753.18,117.53,2183.2,21.83,3.587,3.401,4.589,1917.66,1479.74,437.92,462.2,470.25,435.36,5990.81,59.91,59.91,30060.62,0.311,2.173,1.3,3.4,4.7,"All parameters set to init values",,,,,,,,,,,,,,,,,,,,,,,,,,,,,,,,7,3,,3,3,,,,,,,,,
38297.7,382.98,3252.08,8.22,51.28,"40/78",3.498,10000,5720.81,13.44,32576.89,325.77,25290.99,252.91,7285.91,72.86,45618.59,456.19,36295.63,362.96,9322.96,93.23,13041.7,130.42,11004.64,110.05,2037.06,20.37,3.498,3.298,4.577,1753.17,1346.25,406.92,417.65,421.52,404.77,5986.63,59.87,59.87,26590.26,0.3,1.997,1.2,4.1,5.3,"""追踪止损激活ATR倍数（多头）"" set to 4.",,,,,,,,,,,,,,,,,,,,,,,,,,,,,,,,7,3,,4,3,,,,,,,,,
38345.33,383.45,3298.97,8.32,51.28,"40/78",3.512,10000,5721.57,13.42,32623.76,326.24,25337.91,253.38,7285.85,72.86,45608.39,456.08,36282.96,362.83,9325.42,93.25,12984.62,129.85,10945.05,109.45,2039.57,20.4,3.512,3.315,4.572,1762.54,1355.23,407.31,418.25,422.3,404.77,5992.79,59.93,59.93,26630.97,0.301,2,1.2,4.5,5.7,"""追踪止损激活ATR倍数（多头）"" set to 5.",,,,,,,,,,,,,,,,,,,,,,,,,,,,,,,,7,3,,5,3,,,,,,,,,
38379.28,383.79,5017.56,11.91,52.56,"41/78",3.427,10000,5726.81,13.43,32652.46,326.52,26906,269.06,5746.46,57.46,46106.49,461.06,38146.05,381.46,7960.44,79.6,13454.03,134.54,11240.05,112.4,2213.98,22.14,3.427,3.394,3.596,1829.08,1412.32,416.76,418.62,448.43,319.25,5989.92,59.9,59.9,26662.54,0.298,2.006,1.2,3.7,4.9,"""ATR追踪止损倍数（空头）"" set to 4.",,,,,,,,,,,,,,,,,,,,,,,,,,,,,,,,7,4,,3,3,,,,,,,,,
34800.4,348,3399.36,9.01,50,"39/78",3.335,10000,5307.93,13.44,29492.47,294.92,24156.45,241.56,5336.02,53.36,42124.22,421.24,34715.99,347.16,7408.23,74.08,12631.75,126.32,10559.54,105.6,2072.21,20.72,3.335,3.288,3.575,1676.27,1288.44,387.83,378.11,402.61,296.45,5989.14,59.89,59.89,23503.33,0.287,1.846,1.2,3.4,4.6,"""追踪止损激活ATR倍数（多头）"" set to 4.",,,,,,,,,,,,,,,,,,,,,,,,,,,,,,,,7,4,,4,3,,,,,,,,,
34856.69,348.57,3441.37,9.1,50,"39/78",3.351,10000,5300.6,13.4,29556.09,295.56,24206.81,242.07,5349.29,53.49,42128.09,421.28,34704.11,347.04,7423.98,74.24,12571.99,125.72,10497.3,104.97,2074.69,20.75,3.351,3.306,3.578,1685.67,1297.17,388.5,378.92,403.45,297.18,5993.47,59.93,59.93,23562.62,0.287,1.849,1.3,5,6.2,"""追踪止损激活ATR倍数（多头）"" set to 5.",,,,,,,,,,,,,,,,,,,,,,,,,,,,,,,,7,4,,5,3,,,,,,,,,
38748.22,387.48,5338.49,12.48,50.65,"39/77",3.418,10000,5758.53,13.4,32989.69,329.9,27321.38,273.21,5668.31,56.68,46635.05,466.35,38728.47,387.28,7906.58,79.07,13645.36,136.45,11407.09,114.07,2238.27,22.38,3.418,3.395,3.532,1844.94,1433.9,411.04,428.44,455.36,333.43,5998.77,59.99,59.99,26990.91,0.295,1.97,1.3,3.6,4.8,"""ATR追踪止损倍数（空头）"" set to 5.",,,,,,,,,,,,,,,,,,,,,,,,,,,,,,,,7,5,,3,3,,,,,,,,,
35144.59,351.45,3677.37,9.59,48.05,"37/77",3.328,10000,5324.16,13.37,29820.43,298.2,24539.87,245.4,5280.56,52.81,42631.75,426.32,35256.19,352.56,7375.56,73.76,12811.32,128.11,10716.33,107.16,2095,20.95,3.328,3.29,3.521,1691.09,1308.84,382.25,387.28,409,310.62,6000.76,60.01,60.01,23819.67,0.284,1.817,1.2,3.4,4.6,"""追踪止损激活ATR倍数（多头）"" set to 4.",,,,,,,,,,,,,,,,,,,,,,,,,,,,,,,,7,5,,4,3,,,,,,,,,
35273.61,352.74,3724.55,9.68,48.05,"37/77",3.346,10000,5361.23,13.43,29912.38,299.12,24616.57,246.17,5295.81,52.96,42663.27,426.63,35269.92,352.7,7393.36,73.93,12750.89,127.51,10653.35,106.53,2097.55,20.98,3.346,3.311,3.525,1701.17,1317.84,383.33,388.47,410.28,311.52,5986.05,59.86,59.86,23926.33,0.284,1.822,1.2,3.5,4.7,"""追踪止损激活ATR倍数（多头）"" set to 5.",,,,,,,,,,,,,,,,,,,,,,,,,,,,,,,,7,5,,5,3,,,,,,,,,
37675.1,376.75,5538.02,13.13,50,"37/74",3.425,10000,5669.75,13.5,32005.35,320.05,26953.49,269.53,5051.85,50.52,45201.46,452.01,38221.64,382.22,6979.82,69.8,13196.11,131.96,11268.15,112.68,1927.96,19.28,3.425,3.392,3.62,1788.1,1415.76,372.34,432.5,449.22,360.85,5974.93,59.75,59.75,26030.42,0.293,1.954,1.2,3.3,4.5,"""ATR追踪止损倍数（空头）"" set to 6.",,,,,,,,,,,,,,,,,,,,,,,,,,,,,,,,7,6,,3,3,,,,,,,,,
34153.45,341.53,3874.13,10.25,47.3,"35/74",3.335,10000,5271.5,13.56,28881.95,288.82,24175.96,241.76,4705.99,47.06,41253.38,412.53,34748.92,347.49,6504.46,65.04,12371.43,123.71,10572.96,105.73,1798.47,17.98,3.335,3.287,3.617,1635.76,1289.77,345.99,390.3,402.93,336.14,5960.54,59.61,59.61,22921.41,0.282,1.801,1.2,4,5.2,"""追踪止损激活ATR倍数（多头）"" set to 4.",,,,,,,,,,,,,,,,,,,,,,,,,,,,,,,,7,6,,4,3,,,,,,,,,
34194.68,341.95,3913.9,10.34,47.3,"35/74",3.35,10000,5284.82,13.58,28909.87,289.1,24204.72,242.05,4705.15,47.05,41213.09,412.13,34708.63,347.09,6504.46,65.04,12303.22,123.03,10503.91,105.04,1799.31,17.99,3.35,3.304,3.615,1643.92,1297.75,346.18,390.67,403.41,336.08,5952.54,59.53,59.53,22957.33,0.282,1.803,1.2,4,5.2,"""追踪止损激活ATR倍数（多头）"" set to 5.",,,,,,,,,,,,,,,,,,,,,,,,,,,,,,,,7,6,,5,3,,,,,,,,,
38013.44,380.13,4528.22,11.16,52.56,"41/78",3.472,10000,5750.4,13.61,32263.03,322.63,24985.44,249.85,7277.59,72.78,45311.93,453.12,35965.44,359.65,9346.5,93.46,13048.9,130.49,10980,109.8,2068.9,20.69,3.472,3.276,4.518,1788.83,1380.28,408.55,413.63,416.42,404.31,5950.38,59.5,59.5,26312.66,0.308,2.309,1.3,4.5,5.7,"""ATR追踪止损倍数（多头）"" set to 8.",,,,,,,,,,,,,,,,,,,,,,,,,,,,,,,,8,3,,3,3,,,,,,,,,
35011.74,350.12,3027.17,8.22,51.28,"40/78",3.392,10000,5390.29,13.6,29621.45,296.21,22766.06,227.66,6855.39,68.55,42004.66,420.05,33191.08,331.91,8813.58,88.14,12383.22,123.83,10425.03,104.25,1958.19,19.58,3.392,3.184,4.501,1659.61,1274.74,384.87,379.76,379.43,380.86,5947.66,59.48,59.48,23673.79,0.299,2.116,1.2,3.2,4.4,"""追踪止损激活ATR倍数（多头）"" set to 4.",,,,,,,,,,,,,,,,,,,,,,,,,,,,,,,,8,3,,4,3,,,,,,,,,
35098.14,350.98,3064.93,8.31,51.28,"40/78",3.408,10000,5426.52,13.68,29671.62,296.72,22816.3,228.16,6855.32,68.55,41991.79,419.92,33178.21,331.78,8813.58,88.14,12320.17,123.2,10361.91,103.62,1958.26,19.58,3.408,3.202,4.501,1668.2,1283.25,384.95,380.41,380.27,380.85,5933.5,59.34,59.34,23738.11,0.299,2.122,1.2,3.3,4.5,"""追踪止损激活ATR倍数（多头）"" set to 5.",,,,,,,,,,,,,,,,,,,,,,,,,,,,,,,,8,3,,5,3,,,,,,,,,
34618.97,346.19,4615.75,11.92,51.28,"40/78",3.315,10000,5394.08,13.75,29224.89,292.25,23886.56,238.87,5338.33,53.38,41846.46,418.46,34402.41,344.02,7444.05,74.44,12621.57,126.22,10515.85,105.16,2105.72,21.06,3.315,3.271,3.535,1710.38,1320.66,389.72,374.68,398.11,296.57,5916.45,59.16,59.16,23308.44,0.294,2.111,1.3,3.4,4.6,"""ATR追踪止损倍数（空头）"" set to 4.",,,,,,,,,,,,,,,,,,,,,,,,,,,,,,,,8,4,,3,3,,,,,,,,,
31785.68,317.86,3157.66,8.99,50,"39/78",3.231,10000,5051.31,13.75,26734.36,267.34,21727.44,217.27,5006.93,50.07,38717.39,387.17,31714.78,317.15,7002.61,70.03,11983.02,119.83,9987.34,99.87,1995.68,19.96,3.231,3.175,3.509,1585.9,1218.94,366.97,342.75,362.12,278.16,5915.64,59.16,59.16,20818.72,0.285,1.937,1.2,3.6,4.9,"""追踪止损激活ATR倍数（多头）"" set to 4.",,,,,,,,,,,,,,,,,,,,,,,,,,,,,,,,8,4,,4,3,,,,,,,,,
31827.21,318.27,3200.17,9.1,50,"39/78",3.243,10000,5067.88,13.79,26759.33,267.59,21738.34,217.38,5020.99,50.21,38687.87,386.88,31671.19,316.71,7016.67,70.17,11928.53,119.29,9932.85,99.33,1995.68,19.96,3.243,3.189,3.516,1593.46,1226.34,367.12,343.07,362.31,278.94,5905.11,59.05,59.05,20854.22,0.285,1.94,1.2,4.7,5.9,"""追踪止损激活ATR倍数（多头）"" set to 5.",,,,,,,,,,,,,,,,,,,,,,,,,,,,,,,,8,4,,5,3,,,,,,,,,
34988.09,349.88,4910.87,12.48,49.35,"38/77",3.308,10000,5434.92,13.74,29553.17,295.53,24262.92,242.63,5290.24,52.9,42355.84,423.56,34938.8,349.39,7417.04,74.17,12802.67,128.03,10675.88,106.76,2126.8,21.27,3.308,3.273,3.487,1725.21,1341.37,383.84,383.81,404.38,311.19,5914.1,59.14,59.14,23639.07,0.291,2.062,1.2,4.2,5.4,"""ATR追踪止损倍数（空头）"" set to 5.",,,,,,,,,,,,,,,,,,,,,,,,,,,,,,,,8,5,,3,3,,,,,,,,,
32134.67,321.35,3425.48,9.59,48.05,"37/77",3.225,10000,5075.47,13.7,27059.2,270.59,22082.33,220.82,4976.87,49.77,39218.51,392.19,32226.35,322.26,6992.16,69.92,12159.32,121.59,10144.02,101.44,2015.3,20.15,3.225,3.177,3.47,1600.11,1238.55,361.56,351.42,368.04,292.76,5923.66,59.24,59.24,21135.54,0.281,1.898,1.2,3.4,4.6,"""追踪止损激活ATR倍数（多头）"" set to 4.",,,,,,,,,,,,,,,,,,,,,,,,,,,,,,,,8,5,,4,3,,,,,,,,,
32172.67,321.73,3458.75,9.67,48.05,"37/77",3.241,10000,5062.88,13.64,27109.79,271.1,22119.14,221.19,4990.66,49.91,39205.55,392.06,32199.52,322,7006.03,70.06,12095.75,120.96,10080.38,100.8,2015.37,20.15,3.241,3.194,3.476,1608.09,1246.3,361.79,352.08,368.65,293.57,5939.3,59.39,59.39,21170.49,0.282,1.9,1.2,4.2,5.5,"""追踪止损激活ATR倍数（多头）"" set to 5.",,,,,,,,,,,,,,,,,,,,,,,,,,,,,,,,8,5,,5,3,,,,,,,,,
33883.3,338.83,5093.54,13.14,48.65,"36/74",3.318,10000,5268.54,13.64,28614.75,286.15,23905.88,239.06,4708.87,47.09,40957.95,409.58,34433.17,344.33,6524.78,65.25,12343.2,123.43,10527.28,105.27,1815.92,18.16,3.318,3.271,3.593,1668.45,1322.03,346.43,386.69,398.43,336.35,5940.35,59.4,59.4,22674.41,0.288,2.044,1.2,3.6,4.8,"""ATR追踪止损倍数（空头）"" set to 6.",,,,,,,,,,,,,,,,,,,,,,,,,,,,,,,,8,6,,3,3,,,,,,,,,
31080.81,310.81,3608.52,10.26,47.3,"35/74",3.231,10000,4919.51,13.6,26161.31,261.61,21736.06,217.36,4425.25,44.25,37888.55,378.89,31748.35,317.48,6140.19,61.4,11727.24,117.27,10012.3,100.12,1714.94,17.15,3.231,3.171,3.58,1546.52,1220.86,325.66,353.53,362.27,316.09,5945.23,59.45,59.45,20216.08,0.279,1.877,1.2,3.8,5,"""追踪止损激活ATR倍数（多头）"" set to 4.",,,,,,,,,,,,,,,,,,,,,,,,,,,,,,,,8,6,,4,3,,,,,,,,,
31152.2,311.52,3640.4,10.33,47.3,"35/74",3.248,10000,4936.55,13.63,26215.66,262.16,21788.66,217.89,4426.99,44.27,37877.96,378.78,31735.95,317.36,6142.01,61.42,11662.3,116.62,9947.28,99.47,1715.02,17.15,3.248,3.19,3.581,1554.58,1228.7,325.88,354.27,363.14,316.21,5942.1,59.42,59.42,20273.56,0.279,1.882,1.2,4.1,5.3,"""追踪止损激活ATR倍数（多头）"" set to 5.",,,,,,,,,,,,,,,,,,,,,,,,,,,,,,,,8,6,,5,3,,,,,,,,,
40400.74,404.01,4750.01,11.16,53.25,"41/77",3.707,10000,6060.87,13.67,34339.87,343.4,26782,267.82,7557.87,75.58,47025.59,470.26,37369.54,373.7,9656.05,96.56,12685.72,126.86,10587.54,105.88,2098.18,20.98,3.707,3.53,4.602,1813.48,1391.94,421.54,445.97,453.93,419.88,5934.13,59.34,59.34,28405.74,0.305,2.5,1.3,3.5,4.8,"""ATR追踪止损倍数（多头）"" set to 9.",,,,,,,,,,,,,,,,,,,,,,,,,,,,,,,,9,3,,3,3,,,,,,,,,
37228.54,372.29,3177.19,8.23,51.95,"40/77",3.625,10000,5675.7,13.66,31552.84,315.53,24445.39,244.45,7107.45,71.07,43571.82,435.72,34477.13,344.77,9094.69,90.95,12018.98,120.19,10031.75,100.32,1987.23,19.87,3.625,3.437,4.577,1680.28,1283.18,397.09,409.78,414.33,394.86,5937.71,59.38,59.38,25615.13,0.296,2.288,1.2,4.9,6.2,"""追踪止损激活ATR倍数（多头）"" set to 4.",,,,,,,,,,,,,,,,,,,,,,,,,,,,,,,,9,3,,4,3,,,,,,,,,
37275.78,372.76,3218.7,8.32,51.95,"40/77",3.64,10000,5676.07,13.64,31599.71,316,24490.58,244.91,7109.13,71.09,43569.58,435.7,34473.22,344.73,9096.37,90.96,11969.87,119.7,9982.64,99.83,1987.23,19.87,3.64,3.453,4.577,1690.27,1293.02,397.25,410.39,415.09,394.95,5937.5,59.37,59.38,25662.21,0.296,2.292,1.2,3.2,4.4,"""追踪止损激活ATR倍数（多头）"" set to 5.",,,,,,,,,,,,,,,,,,,,,,,,,,,,,,,,9,3,,5,3,,,,,,,,,
36744.55,367.45,4835.37,11.91,51.95,"40/77",3.541,10000,5619.36,13.66,31125.19,311.25,25575.38,255.75,5549.81,55.5,43375.23,433.75,35693.93,356.94,7681.3,76.81,12250.03,122.5,10118.55,101.19,2131.49,21.31,3.541,3.528,3.604,1731.39,1329.72,401.68,404.22,433.48,308.32,5935.04,59.35,59.35,25190.15,0.292,2.281,1.2,4.2,5.4,"""ATR追踪止损倍数（空头）"" set to 4.",,,,,,,,,,,,,,,,,,,,,,,,,,,,,,,,9,4,,3,3,,,,,,,,,
33755.33,337.55,3309.62,9,50.65,"39/77",3.449,10000,5267.67,13.69,28487.66,284.88,23279.26,232.79,5208.4,52.08,40119.51,401.2,32892.84,328.93,7226.67,72.27,11631.84,116.32,9613.58,96.14,2018.26,20.18,3.449,3.421,3.581,1604.07,1226.09,377.98,369.97,394.56,289.36,5926.06,59.26,59.26,22561.6,0.283,2.089,1.2,4.2,5.4,"""追踪止损激活ATR倍数（多头）"" set to 4.",,,,,,,,,,,,,,,,,,,,,,,,,,,,,,,,9,4,,4,3,,,,,,,,,
33790.79,337.91,3350.1,9.09,50.65,"39/77",3.463,10000,5267.25,13.67,28523.54,285.24,23317.65,233.18,5205.89,52.06,40103.96,401.04,32877.29,328.77,7226.67,72.27,11580.42,115.8,9559.64,95.6,2020.78,20.21,3.463,3.439,3.576,1612.53,1234.31,378.23,370.44,395.21,289.22,5933.74,59.34,59.34,22589.8,0.283,2.091,1.2,3.1,4.3,"""追踪止损激活ATR倍数（多头）"" set to 5.",,,,,,,,,,,,,,,,,,,,,,,,,,,,,,,,9,4,,5,3,,,,,,,,,
37113.85,371.14,5150.61,12.49,50,"38/76",3.528,10000,5666.32,13.67,31447.53,314.48,25969.45,259.69,5478.08,54.78,43887.77,438.88,36257.7,362.58,7630.07,76.3,12440.24,124.4,10288.25,102.88,2151.99,21.52,3.528,3.524,3.546,1747.16,1351.08,396.07,413.78,440.16,322.24,5936.11,59.36,59.36,25511.41,0.288,2.216,1.3,4.3,5.6,"""ATR追踪止损倍数（空头）"" set to 5.",,,,,,,,,,,,,,,,,,,,,,,,,,,,,,,,9,5,,3,3,,,,,,,,,
34150.32,341.5,3586.24,9.58,48.68,"37/76",3.445,10000,5303.04,13.65,28847.28,288.47,23699,236.99,5148.28,51.48,40644.75,406.45,33457.36,334.57,7187.39,71.87,11797.47,117.97,9758.36,97.58,2039.12,20.39,3.445,3.429,3.525,1618.9,1246.14,372.76,379.57,401.68,302.84,5941.6,59.42,59.42,22905.68,0.28,2.04,1.2,4,5.2,"""追踪止损激活ATR倍数（多头）"" set to 4.",,,,,,,,,,,,,,,,,,,,,,,,,,,,,,,,9,5,,4,3,,,,,,,,,
34171.35,341.71,3628.28,9.68,48.68,"37/76",3.458,10000,5303.09,13.64,28868.27,288.68,23719.99,237.2,5148.28,51.48,40613.68,406.14,33426.29,334.26,7187.39,71.87,11745.41,117.45,9706.3,97.06,2039.12,20.39,3.458,3.444,3.525,1627.21,1254.45,372.76,379.85,402.03,302.84,5941.57,59.42,59.42,22926.7,0.28,2.042,1.2,3.3,4.5,"""追踪止损激活ATR倍数（多头）"" set to 5.",,,,,,,,,,,,,,,,,,,,,,,,,,,,,,,,9,5,,5,3,,,,,,,,,
35985.69,359.86,5334.66,13.13,49.32,"36/73",3.54,10000,5514.41,13.63,30471.27,304.71,25603.54,256.04,4867.74,48.68,42469.69,424.7,35746.06,357.46,6723.63,67.24,11998.42,119.98,10142.53,101.43,1855.89,18.56,3.54,3.524,3.623,1690.55,1331.97,358.59,417.41,433.96,347.7,5946.25,59.46,59.46,24525.02,0.286,2.202,1.2,3.3,4.6,"""ATR追踪止损倍数（空头）"" set to 6.",,,,,,,,,,,,,,,,,,,,,,,,,,,,,,,,9,6,,3,3,,,,,,,,,
33048.97,330.49,3778.71,10.26,47.95,"35/73",3.451,10000,5154.02,13.6,27894.95,278.95,23321.87,233.22,4573.08,45.73,39275.36,392.75,32949.97,329.5,6325.39,63.25,11380.41,113.8,9628.11,96.28,1752.3,17.52,3.451,3.422,3.61,1564.84,1227.75,337.09,382.12,395.29,326.65,5950.79,59.51,59.51,21944.16,0.277,2.023,1.2,3.2,4.4,"""追踪止损激活ATR倍数（多头）"" set to 4.",,,,,,,,,,,,,,,,,,,,,,,,,,,,,,,,9,6,,4,3,,,,,,,,,
33082.79,330.83,3817.27,10.34,47.95,"35/73",3.465,10000,5159.19,13.6,27923.6,279.24,23348.7,233.49,4574.9,45.75,39251.17,392.51,32923.97,329.24,6327.2,63.27,11327.57,113.28,9575.27,95.75,1752.3,17.52,3.465,3.438,3.611,1573.69,1236.46,337.23,382.52,395.74,326.78,5947.61,59.48,59.48,21975.99,0.278,2.024,1.2,3.1,4.4,"""追踪止损激活ATR倍数（多头）"" set to 5.",,,,,,,,,,,,,,,,,,,,,,,,,,,,,,,,9,6,,5,3,,,,,,,,,
39754.31,397.54,4691.43,11.16,53.25,"41/77",3.684,10000,5964.38,13.62,33789.93,337.9,26319.05,263.19,7470.89,74.71,46381.2,463.81,36829.36,368.29,9551.85,95.52,12591.27,125.91,10510.31,105.1,2080.96,20.81,3.684,3.504,4.59,1798.71,1381.54,417.17,438.83,446.09,415.05,5946.48,59.46,59.46,27843.45,0.303,2.482,1.3,3.1,4.3,"""ATR追踪止损倍数（多头）"" set to 10.",,,,,,,,,,,,,,,,,,,,,,,,,,,,,,,,10,3,,3,3,,,,,,,,,
36844.29,368.44,3151.35,8.23,51.95,"40/77",3.604,10000,5607.51,13.6,31236.77,312.37,24168.58,241.69,7068.19,70.68,43231.68,432.32,34183.95,341.84,9047.73,90.48,11994.9,119.95,10015.37,100.15,1979.53,19.8,3.604,3.413,4.571,1675.29,1280.66,394.64,405.67,409.64,392.68,5948.68,59.49,59.49,25288.1,0.295,2.285,1.2,4.4,5.6,"""追踪止损激活ATR倍数（多头）"" set to 4.",,,,,,,,,,,,,,,,,,,,,,,,,,,,,,,,10,3,,4,3,,,,,,,,,
36921.29,369.21,3191.86,8.31,51.95,"40/77",3.621,10000,5626.42,13.62,31294.87,312.95,24225.09,242.25,7069.78,70.7,43236.35,432.36,34184.48,341.84,9051.87,90.52,11941.48,119.41,9959.39,99.59,1982.09,19.82,3.621,3.432,4.567,1685.74,1290.37,395.37,406.43,410.59,392.77,5944.86,59.45,59.45,25350.01,0.296,2.285,1.2,3.2,4.4,"""追踪止损激活ATR倍数（多头）"" set to 5.",,,,,,,,,,,,,,,,,,,,,,,,,,,,,,,,10,3,,5,3,,,,,,,,,
36126.21,361.26,4779.79,11.92,51.95,"40/77",3.512,10000,5524.86,13.61,30601.35,306.01,25121.88,251.22,5479.47,54.79,42783.25,427.83,35188.41,351.88,7594.84,75.95,12181.9,121.82,10066.53,100.67,2115.37,21.15,3.512,3.496,3.59,1718.39,1320.91,397.48,397.42,425.79,304.41,5947.24,59.47,59.47,24654.11,0.29,2.261,1.2,4,5.2,"""ATR追踪止损倍数（空头）"" set to 4.",,,,,,,,,,,,,,,,,,,,,,,,,,,,,,,,10,4,,3,3,,,,,,,,,
33414.87,334.15,3288.56,9,50.65,"39/77",3.431,10000,5196.25,13.6,28218.62,282.19,23041.49,230.41,5177.13,51.77,39827.28,398.27,32637.03,326.37,7190.25,71.9,11608.66,116.09,9595.54,95.96,2013.12,20.13,3.431,3.401,3.572,1600.34,1224.25,376.09,366.48,390.53,287.62,5947.27,59.47,59.47,22271.36,0.282,2.083,1.2,3.6,4.9,"""追踪止损激活ATR倍数（多头）"" set to 4.",,,,,,,,,,,,,,,,,,,,,,,,,,,,,,,,10,4,,4,3,,,,,,,,,
33463.53,334.64,3322.43,9.08,50.65,"39/77",3.446,10000,5222.33,13.66,28241.2,282.41,23062.59,230.63,5178.61,51.79,39786.11,397.86,32594.31,325.94,7191.8,71.92,11544.91,115.45,9531.72,95.32,2013.19,20.13,3.446,3.42,3.572,1608.28,1231.94,376.35,366.77,390.89,287.7,5938.78,59.39,59.39,22302.42,0.282,2.085,1.2,3.8,5.1,"""追踪止损激活ATR倍数（多头）"" set to 5.",,,,,,,,,,,,,,,,,,,,,,,,,,,,,,,,10,4,,5,3,,,,,,,,,
36556.91,365.57,5089.9,12.48,50,"38/76",3.505,10000,5584.44,13.63,30972.47,309.72,25546.99,255.47,5425.48,54.25,43337.26,433.37,35774.18,357.74,7563.09,75.63,12364.8,123.65,10227.19,102.27,2137.61,21.38,3.505,3.498,3.538,1734.69,1342.55,392.14,407.53,433,319.15,5941.03,59.41,59.41,25031.44,0.287,2.201,1.2,4.3,5.5,"""ATR追踪止损倍数（空头）"" set to 5.",,,,,,,,,,,,,,,,,,,,,,,,,,,,,,,,10,5,,3,3,,,,,,,,,
33822.48,338.22,3566.07,9.6,48.68,"37/76",3.425,10000,5258.46,13.64,28564.02,285.64,23443.87,234.44,5120.15,51.2,40344.01,403.44,33189.96,331.9,7154.05,71.54,11779.99,117.8,9746.09,97.46,2033.9,20.34,3.425,3.405,3.517,1615.07,1244.09,370.98,375.84,397.35,301.19,5939.07,59.39,59.39,22624.96,0.279,2.037,1.2,4.3,5.6,"""追踪止损激活ATR倍数（多头）"" set to 4.",,,,,,,,,,,,,,,,,,,,,,,,,,,,,,,,10,5,,4,3,,,,,,,,,
33823.48,338.23,3599.84,9.68,48.68,"37/76",3.439,10000,5248.33,13.61,28575.15,285.75,23455,234.55,5120.15,51.2,40289.1,402.89,33135.05,331.35,7154.05,71.54,11713.95,117.14,9680.05,96.8,2033.9,20.34,3.439,3.423,3.517,1622.47,1251.5,370.98,375.99,397.54,301.19,5945.2,59.45,59.45,22629.95,0.279,2.036,1.2,3.5,4.7,"""追踪止损激活ATR倍数（多头）"" set to 5.",,,,,,,,,,,,,,,,,,,,,,,,,,,,,,,,10,5,,5,3,,,,,,,,,
35413.23,354.13,5265.87,13.12,49.32,"36/73",3.516,10000,5445.09,13.62,29968.15,299.68,25144.8,251.45,4823.35,48.23,41880.14,418.8,35220.26,352.2,6659.88,66.6,11911.99,119.12,10075.47,100.75,1836.53,18.37,3.516,3.496,3.626,1676.59,1322.07,354.51,410.52,426.18,344.53,5944.08,59.44,59.44,24024.07,0.284,2.186,1.2,4.3,5.6,"""ATR追踪止损倍数（空头）"" set to 6.",,,,,,,,,,,,,,,,,,,,,,,,,,,,,,,,10,6,,3,3,,,,,,,,,
32731.35,327.31,3748.83,10.25,47.95,"35/73",3.432,10000,5122.98,13.62,27608.37,276.08,23059.3,230.59,4549.07,45.49,38961.59,389.62,32668.69,326.69,6292.9,62.93,11353.22,113.53,9609.39,96.09,1743.83,17.44,3.432,3.4,3.609,1560.66,1225.64,335.02,378.2,390.84,324.93,5947.42,59.47,59.47,21660.95,0.277,2.017,1.2,4.2,5.4,"""追踪止损激活ATR倍数（多头）"" set to 4.",,,,,,,,,,,,,,,,,,,,,,,,,,,,,,,,10,6,,4,3,,,,,,,,,
32756.9,327.57,3784.88,10.34,47.95,"35/73",3.448,10000,5126.31,13.62,27630.59,276.31,23081.52,230.82,4549.07,45.49,38919.33,389.19,32626.43,326.26,6292.9,62.93,11288.74,112.89,9544.91,95.45,1743.83,17.44,3.448,3.418,3.609,1568.21,1233.19,335.02,378.5,391.21,324.93,5945.36,59.45,59.45,21685.23,0.277,2.018,1.2,3.8,5,"""追踪止损激活ATR倍数（多头）"" set to 5.",,,,,,,,,,,,,,,,,,,,,,,,,,,,,,,,10,6,,5,3,,,,,,,,,
39764.65,397.65,4691.43,11.16,53.25,"41/77",3.684,10000,5974.72,13.64,33789.93,337.9,26319.05,263.19,7470.89,74.71,46381.2,463.81,36829.36,368.29,9551.85,95.52,12591.27,125.91,10510.31,105.1,2080.96,20.81,3.684,3.504,4.59,1798.71,1381.54,417.17,438.83,446.09,415.05,5940.97,59.41,59.41,27848.96,0.303,2.483,1.3,4.1,5.4,"""ATR追踪止损倍数（多头）"" set to 11.",,,,,,,,,,,,,,,,,,,,,,,,,,,,,,,,11,3,,3,3,,,,,,,,,
36869.73,368.7,3151.35,8.23,51.95,"40/77",3.604,10000,5632.96,13.66,31236.77,312.37,24168.58,241.69,7068.19,70.68,43231.68,432.32,34183.95,341.84,9047.73,90.48,11994.9,119.95,10015.37,100.15,1979.53,19.8,3.604,3.413,4.571,1675.29,1280.66,394.64,405.67,409.64,392.68,5934.26,59.34,59.34,25302.51,0.295,2.285,1.2,4.2,5.4,"""追踪止损激活ATR倍数（多头）"" set to 4.",,,,,,,,,,,,,,,,,,,,,,,,,,,,,,,,11,3,,4,3,,,,,,,,,
36937.09,369.37,3191.86,8.31,51.95,"40/77",3.621,10000,5642.22,13.66,31294.87,312.95,24225.09,242.25,7069.78,70.7,43236.35,432.36,34184.48,341.84,9051.87,90.52,11941.48,119.41,9959.39,99.59,1982.09,19.82,3.621,3.432,4.567,1685.74,1290.37,395.37,406.43,410.59,392.77,5935.93,59.36,59.36,25358.94,0.296,2.285,1.2,4.7,5.9,"""追踪止损激活ATR倍数（多头）"" set to 5.",,,,,,,,,,,,,,,,,,,,,,,,,,,,,,,,11,3,,5,3,,,,,,,,,
36148.78,361.49,4779.79,11.92,51.95,"40/77",3.512,10000,5547.43,13.66,30601.35,306.01,25121.88,251.22,5479.47,54.79,42783.25,427.83,35188.41,351.88,7594.84,75.95,12181.9,121.82,10066.53,100.67,2115.37,21.15,3.512,3.496,3.59,1718.39,1320.91,397.48,397.42,425.79,304.41,5934.26,59.34,59.34,24667.09,0.29,2.261,1.3,3.9,5.1,"""ATR追踪止损倍数（空头）"" set to 4.",,,,,,,,,,,,,,,,,,,,,,,,,,,,,,,,11,4,,3,3,,,,,,,,,
33420.64,334.21,3288.56,9,50.65,"39/77",3.431,10000,5202.01,13.61,28218.62,282.19,23041.49,230.41,5177.13,51.77,39827.28,398.27,32637.03,326.37,7190.25,71.9,11608.66,116.09,9595.54,95.96,2013.12,20.13,3.431,3.401,3.572,1600.34,1224.25,376.09,366.48,390.53,287.62,5943.74,59.44,59.44,22274.88,0.282,2.084,1.2,3.5,4.7,"""追踪止损激活ATR倍数（多头）"" set to 4.",,,,,,,,,,,,,,,,,,,,,,,,,,,,,,,,11,4,,4,3,,,,,,,,,
33466.01,334.66,3322.43,9.08,50.65,"39/77",3.446,10000,5224.81,13.66,28241.2,282.41,23062.59,230.63,5178.61,51.79,39786.11,397.86,32594.31,325.94,7191.8,71.92,11544.91,115.45,9531.72,95.32,2013.19,20.13,3.446,3.42,3.572,1608.28,1231.94,376.35,366.77,390.89,287.7,5937.26,59.37,59.37,22303.94,0.282,2.085,1.2,4.7,6,"""追踪止损激活ATR倍数（多头）"" set to 5.",,,,,,,,,,,,,,,,,,,,,,,,,,,,,,,,11,4,,5,3,,,,,,,,,
36565.15,365.65,5089.9,12.48,50,"38/76",3.505,10000,5592.68,13.65,30972.47,309.72,25546.99,255.47,5425.48,54.25,43337.26,433.37,35774.18,357.74,7563.09,75.63,12364.8,123.65,10227.19,102.27,2137.61,21.38,3.505,3.498,3.538,1734.69,1342.55,392.14,407.53,433,319.15,5936.32,59.36,59.36,25036.14,0.287,2.201,1.3,4.5,5.8,"""ATR追踪止损倍数（空头）"" set to 5.",,,,,,,,,,,,,,,,,,,,,,,,,,,,,,,,11,5,,3,3,,,,,,,,,
33829.59,338.3,3566.07,9.6,48.68,"37/76",3.425,10000,5265.57,13.65,28564.02,285.64,23443.87,234.44,5120.15,51.2,40344.01,403.44,33189.96,331.9,7154.05,71.54,11779.99,117.8,9746.09,97.46,2033.9,20.34,3.425,3.405,3.517,1615.07,1244.09,370.98,375.84,397.35,301.19,5934.76,59.35,59.35,22629.27,0.279,2.037,1.2,4,5.2,"""追踪止损激活ATR倍数（多头）"" set to 4.",,,,,,,,,,,,,,,,,,,,,,,,,,,,,,,,11,5,,4,3,,,,,,,,,
33840.12,338.4,3599.84,9.68,48.68,"37/76",3.439,10000,5264.97,13.65,28575.15,285.75,23455,234.55,5120.15,51.2,40289.1,402.89,33135.05,331.35,7154.05,71.54,11713.95,117.14,9680.05,96.8,2033.9,20.34,3.439,3.423,3.517,1622.47,1251.5,370.98,375.99,397.54,301.19,5935.12,59.35,59.35,22640.03,0.279,2.036,1.3,3.8,5.1,"""追踪止损激活ATR倍数（多头）"" set to 5.",,,,,,,,,,,,,,,,,,,,,,,,,,,,,,,,11,5,,5,3,,,,,,,,,
35443.18,354.43,5265.87,13.12,49.32,"36/73",3.516,10000,5475.03,13.7,29968.15,299.68,25144.8,251.45,4823.35,48.23,41880.14,418.8,35220.26,352.2,6659.88,66.6,11911.99,119.12,10075.47,100.75,1836.53,18.37,3.516,3.496,3.626,1676.59,1322.07,354.51,410.52,426.18,344.53,5926.58,59.27,59.27,24041.56,0.284,2.187,1.2,3.5,4.7,"""ATR追踪止损倍数（空头）"" set to 6.",,,,,,,,,,,,,,,,,,,,,,,,,,,,,,,,11,6,,3,3,,,,,,,,,
32782.21,327.82,3748.83,10.25,47.95,"35/73",3.432,10000,5173.84,13.76,27608.37,276.08,23059.3,230.59,4549.07,45.49,38961.59,389.62,32668.69,326.69,6292.9,62.93,11353.22,113.53,9609.39,96.09,1743.83,17.44,3.432,3.4,3.609,1560.66,1225.64,335.02,378.2,390.84,324.93,5915.87,59.16,59.16,21692.5,0.277,2.019,1.2,3.6,4.9,"""追踪止损激活ATR倍数（多头）"" set to 4.",,,,,,,,,,,,,,,,,,,,,,,,,,,,,,,,11,6,,4,3,,,,,,,,,
32790.79,327.91,3784.88,10.34,47.95,"35/73",3.448,10000,5160.2,13.71,27630.59,276.31,23081.52,230.82,4549.07,45.49,38919.33,389.19,32626.43,326.26,6292.9,62.93,11288.74,112.89,9544.91,95.45,1743.83,17.44,3.448,3.418,3.609,1568.21,1233.19,335.02,378.5,391.21,324.93,5924.34,59.24,59.24,21706.26,0.277,2.019,1.2,4.6,5.8,"""追踪止损激活ATR倍数（多头）"" set to 5.",,,,,,,,,,,,,,,,,,,,,,,,,,,,,,,,11,6,,5,3,,,,,,,,,
42769.71,427.7,4931.33,11.16,53.85,"42/78",3.61,10000,6376.95,13.75,36392.76,363.93,28214.91,282.15,8177.84,81.78,50334.39,503.34,39968.1,399.68,10366.3,103.66,13941.64,139.42,11753.18,117.53,2188.46,21.88,3.61,3.401,4.737,1919.44,1479.74,439.7,466.57,470.25,454.32,5916.5,59.17,59.17,30476.26,0.313,2.186,1.3,3,4.3,"""追踪止损激活ATR倍数（空头）"" set to 4.",,,,,,,,,,,,,,,,,,,,,,,,,,,,,,,,7,3,,3,4,,,,,,,,,
38785.84,387.86,3252.08,8.22,51.28,"40/78",3.52,10000,5907.65,13.78,32878.19,328.78,25290.99,252.91,7587.2,75.87,45927.59,459.28,36295.63,362.96,9631.96,96.32,13049.4,130.49,11004.64,110.05,2044.75,20.45,3.52,3.298,4.711,1755,1346.25,408.75,421.52,421.52,421.51,5911.12,59.11,59.11,26967.07,0.302,2.009,1.3,4.1,5.4,"""追踪止损激活ATR倍数（多头）"" set to 4.",,,,,,,,,,,,,,,,,,,,,,,,,,,,,,,,7,3,,4,4,,,,,,,,,
38827.53,388.28,3298.97,8.32,51.28,"40/78",3.535,10000,5902.42,13.75,32925.12,329.25,25337.91,253.38,7587.2,75.87,45914.92,459.15,36282.96,362.83,9631.96,96.32,12989.8,129.9,10945.05,109.45,2044.75,20.45,3.535,3.315,4.711,1763.98,1355.23,408.75,422.12,422.3,421.51,5913.97,59.14,59.14,27011.15,0.302,2.013,1.2,3.3,4.5,"""追踪止损激活ATR倍数（多头）"" set to 5.",,,,,,,,,,,,,,,,,,,,,,,,,,,,,,,,7,3,,5,4,,,,,,,,,
38992.64,389.93,4700.04,11.16,52.56,"41/78",3.455,10000,5941.57,13.8,33051.07,330.51,26906,269.06,6145.07,61.45,46512.87,465.13,38146.05,381.46,8366.82,83.67,13461.8,134.62,11240.05,112.4,2221.75,22.22,3.455,3.394,3.766,1831.21,1412.32,418.89,423.73,448.43,341.39,5906.08,59.06,59.06,27144.99,0.3,2.031,1.3,4.6,5.9,"""ATR追踪止损倍数（空头）"" set to 4.",,,,,,,,,,,,,,,,,,,,,,,,,,,,,,,,7,4,,3,4,,,,,,,,,
35369.22,353.69,3106.61,8.23,50,"39/78",3.363,10000,5504.04,13.81,29865.18,298.65,24156.45,241.56,5708.73,57.09,42504.63,425.05,34715.99,347.16,7788.64,77.89,12639.45,126.39,10559.54,105.6,2079.91,20.8,3.363,3.288,3.745,1678.36,1288.44,389.92,382.89,402.61,317.15,5902.42,59.02,59.02,23962.75,0.289,1.87,1.2,4.7,6,"""追踪止损激活ATR倍数（多头）"" set to 4.",,,,,,,,,,,,,,,,,,,,,,,,,,,,,,,,7,4,,4,4,,,,,,,,,
35438.96,354.39,3145.36,8.31,50,"39/78",3.379,10000,5511.91,13.8,29927.05,299.27,24206.81,242.07,5720.24,57.2,42506.81,425.07,34704.11,347.04,7802.7,78.03,12579.76,125.8,10497.3,104.97,2082.46,20.82,3.379,3.306,3.747,1687.67,1297.17,390.5,383.68,403.45,317.79,5905.03,59.05,59.05,24022.02,0.29,1.873,1.3,4.1,5.4,"""追踪止损激活ATR倍数（多头）"" set to 5.",,,,,,,,,,,,,,,,,,,,,,,,,,,,,,,,7,4,,5,4,,,,,,,,,
39249.01,392.49,5095.07,11.91,50.65,"39/77",3.437,10000,5981.66,13.82,33267.35,332.67,27321.38,273.21,5945.97,59.46,46917.86,469.18,38728.47,387.28,8189.38,81.89,13650.51,136.51,11407.09,114.07,2243.42,22.43,3.437,3.395,3.65,1846.21,1433.9,412.31,432.04,455.36,349.76,5897.75,58.98,58.98,27369.6,0.296,1.996,1.3,4.6,5.9,"""ATR追踪止损倍数（空头）"" set to 5.",,,,,,,,,,,,,,,,,,,,,,,,,,,,,,,,7,5,,3,4,,,,,,,,,
35624.13,356.24,3455.48,9.01,48.05,"37/77",3.346,10000,5545.75,13.84,30078.38,300.78,24539.87,245.4,5538.51,55.39,42897.33,428.97,35256.19,352.56,7641.13,76.41,12818.95,128.19,10716.33,107.16,2102.62,21.03,3.346,3.29,3.634,1692.89,1308.84,384.05,390.63,409,325.79,5892.5,58.92,58.93,24185.88,0.286,1.841,1.2,3.2,4.4,"""追踪止损激活ATR倍数（多头）"" set to 4.",,,,,,,,,,,,,,,,,,,,,,,,,,,,,,,,7,5,,4,4,,,,,,,,,
35732.17,357.32,3499.06,9.09,48.05,"37/77",3.365,10000,5560.06,13.84,30172.11,301.72,24616.57,246.17,5555.54,55.56,42928.15,429.28,35269.92,352.7,7658.23,76.58,12756.04,127.56,10653.35,106.53,2102.69,21.03,3.365,3.311,3.642,1702.46,1317.84,384.62,391.85,410.28,326.8,5891.37,58.91,58.91,24280.74,0.286,1.845,1.2,3.6,4.8,"""追踪止损激活ATR倍数（多头）"" set to 5.",,,,,,,,,,,,,,,,,,,,,,,,,,,,,,,,7,5,,5,4,,,,,,,,,
37827,378.27,5538.02,13.13,50,"37/74",3.425,10000,5821.66,13.86,32005.35,320.05,26953.49,269.53,5051.85,50.52,45201.46,452.01,38221.64,382.22,6979.82,69.8,13196.11,131.96,11268.15,112.68,1927.96,19.28,3.425,3.392,3.62,1788.1,1415.76,372.34,432.5,449.22,360.85,5890.51,58.91,58.91,26114.83,0.293,1.958,1.2,3.2,4.5,"""ATR追踪止损倍数（空头）"" set to 6.",,,,,,,,,,,,,,,,,,,,,,,,,,,,,,,,7,6,,3,4,,,,,,,,,
34270.95,342.71,3874.13,10.25,47.3,"35/74",3.335,10000,5389,13.86,28881.95,288.82,24175.96,241.76,4705.99,47.06,41253.38,412.53,34748.92,347.49,6504.46,65.04,12371.43,123.71,10572.96,105.73,1798.47,17.98,3.335,3.287,3.617,1635.76,1289.77,345.99,390.3,402.93,336.14,5889.99,58.9,58.9,22991.96,0.282,1.804,1.2,4.6,5.9,"""追踪止损激活ATR倍数（多头）"" set to 4.",,,,,,,,,,,,,,,,,,,,,,,,,,,,,,,,7,6,,4,4,,,,,,,,,
34302.96,343.03,3913.9,10.34,47.3,"35/74",3.35,10000,5393.09,13.86,28909.87,289.1,24204.72,242.05,4705.15,47.05,41213.09,412.13,34708.63,347.09,6504.46,65.04,12303.22,123.03,10503.91,105.04,1799.31,17.99,3.35,3.304,3.615,1643.92,1297.75,346.18,390.67,403.41,336.08,5887.53,58.88,58.88,23022.33,0.283,1.806,1.2,4.1,5.4,"""追踪止损激活ATR倍数（多头）"" set to 5.",,,,,,,,,,,,,,,,,,,,,,,,,,,,,,,,7,6,,5,4,,,,,,,,,
38474.04,384.74,4528.22,11.16,52.56,"41/78",3.496,10000,5895.97,13.85,32578.06,325.78,24985.44,249.85,7592.62,75.93,45632.11,456.32,35965.44,359.65,9666.67,96.67,13054.05,130.54,10980,109.8,2074.05,20.74,3.496,3.276,4.661,1790.24,1380.28,409.95,417.67,416.42,421.81,5890.51,58.91,58.91,26687.55,0.309,2.324,1.3,4.5,5.8,"""ATR追踪止损倍数（多头）"" set to 8.",,,,,,,,,,,,,,,,,,,,,,,,,,,,,,,,8,3,,3,4,,,,,,,,,
35420.52,354.21,3027.17,8.22,51.28,"40/78",3.414,10000,5516.62,13.82,29903.9,299.04,22766.06,227.66,7137.84,71.38,42292.3,422.92,33191.08,331.91,9101.21,91.01,12388.4,123.88,10425.03,104.25,1963.37,19.63,3.414,3.184,4.636,1661.07,1274.74,386.33,383.38,379.43,396.55,5895.06,58.95,58.95,24008.84,0.3,2.129,1.3,3,4.3,"""追踪止损激活ATR倍数（多头）"" set to 4.",,,,,,,,,,,,,,,,,,,,,,,,,,,,,,,,8,3,,4,4,,,,,,,,,
35480.88,354.81,3064.93,8.31,51.28,"40/78",3.43,10000,5529.26,13.84,29951.63,299.52,22816.3,228.16,7135.32,71.35,42279.42,422.79,33178.21,331.78,9101.21,91.01,12327.8,123.28,10361.91,103.62,1965.89,19.66,3.43,3.202,4.63,1669.83,1283.25,386.57,384,380.27,396.41,5894.9,58.95,58.95,24056.73,0.301,2.133,1.2,3.5,4.7,"""追踪止损激活ATR倍数（多头）"" set to 5.",,,,,,,,,,,,,,,,,,,,,,,,,,,,,,,,8,3,,5,4,,,,,,,,,
35068.49,350.68,4325.69,11.17,51.28,"40/78",3.343,10000,5474.33,13.83,29594.16,295.94,23886.56,238.87,5707.59,57.08,42223.43,422.23,34402.41,344.02,7821.01,78.21,12629.27,126.29,10515.85,105.16,2113.42,21.13,3.343,3.271,3.701,1712.32,1320.66,391.66,379.41,398.11,317.09,5898.11,58.98,58.98,23696.05,0.296,2.138,1.2,4.1,5.3,"""ATR追踪止损倍数（空头）"" set to 4.",,,,,,,,,,,,,,,,,,,,,,,,,,,,,,,,8,4,,3,4,,,,,,,,,
32212.48,322.12,2885.02,8.22,50,"39/78",3.259,10000,5129.82,13.83,27082.67,270.83,21727.44,217.27,5355.23,53.55,39073.39,390.73,31714.78,317.15,7358.61,73.59,11990.72,119.91,9987.34,99.87,2003.38,20.03,3.259,3.175,3.673,1587.85,1218.94,368.92,347.21,362.12,297.51,5897.17,58.97,58.97,21185.49,0.287,1.961,1.2,4.1,5.4,"""追踪止损激活ATR倍数（多头）"" set to 4.",,,,,,,,,,,,,,,,,,,,,,,,,,,,,,,,8,4,,4,4,,,,,,,,,
32226.75,322.27,2926.75,8.32,50,"39/78",3.27,10000,5133.18,13.84,27093.57,270.94,21738.34,217.38,5355.23,53.55,39029.8,390.3,31671.19,316.71,7358.61,73.59,11936.23,119.36,9932.85,99.33,2003.38,20.03,3.27,3.189,3.673,1595.26,1226.34,368.92,347.35,362.31,297.51,5895.06,58.95,58.95,21198.51,0.287,1.964,1.2,4.1,5.3,"""追踪止损激活ATR倍数（多头）"" set to 5.",,,,,,,,,,,,,,,,,,,,,,,,,,,,,,,,8,4,,5,4,,,,,,,,,
35324.22,353.24,4687.62,11.91,49.35,"38/77",3.327,10000,5515.24,13.85,29808.98,298.09,24262.92,242.63,5546.06,55.46,42616.8,426.17,34938.8,349.39,7678,76.78,12807.82,128.08,10675.88,106.76,2131.94,21.32,3.327,3.273,3.601,1726.35,1341.37,384.98,387.13,404.38,326.24,5888.61,58.89,58.89,23920.37,0.292,2.089,1.3,3.2,4.5,"""ATR追踪止损倍数（空头）"" set to 5.",,,,,,,,,,,,,,,,,,,,,,,,,,,,,,,,8,5,,3,4,,,,,,,,,
32475.66,324.76,3216.8,9.01,48.05,"37/77",3.244,10000,5175.22,13.87,27300.44,273,22082.33,220.82,5218.11,52.18,39464.9,394.65,32226.35,322.26,7238.55,72.39,12164.46,121.64,10144.02,101.44,2020.44,20.2,3.244,3.177,3.583,1601.27,1238.55,362.72,354.55,368.04,306.95,5884.22,58.84,58.84,21416.22,0.283,1.923,1.3,4.3,5.6,"""追踪止损激活ATR倍数（多头）"" set to 4.",,,,,,,,,,,,,,,,,,,,,,,,,,,,,,,,8,5,,4,4,,,,,,,,,
32547.03,325.47,3250.07,9.08,48.05,"37/77",3.26,10000,5194.32,13.91,27352.71,273.53,22119.14,221.19,5233.58,52.34,39453.61,394.54,32199.52,322,7254.09,72.54,12100.9,121.01,10080.38,100.8,2020.51,20.21,3.26,3.194,3.59,1609.4,1246.3,363.1,355.23,368.65,307.86,5880.04,58.8,58.8,21472.68,0.283,1.926,1.2,3.9,5.2,"""追踪止损激活ATR倍数（多头）"" set to 5.",,,,,,,,,,,,,,,,,,,,,,,,,,,,,,,,8,5,,5,4,,,,,,,,,
33987.36,339.87,5093.54,13.14,48.65,"36/74",3.318,10000,5372.61,13.91,28614.75,286.15,23905.88,239.06,4708.87,47.09,40957.95,409.58,34433.17,344.33,6524.78,65.25,12343.2,123.43,10527.28,105.27,1815.92,18.16,3.318,3.271,3.593,1668.45,1322.03,346.43,386.69,398.43,336.35,5877.43,58.77,58.77,22737.33,0.289,2.048,1.2,4.2,5.4,"""ATR追踪止损倍数（空头）"" set to 6.",,,,,,,,,,,,,,,,,,,,,,,,,,,,,,,,8,6,,3,4,,,,,,,,,
31187.55,311.88,3608.52,10.26,47.3,"35/74",3.231,10000,5026.24,13.9,26161.31,261.61,21736.06,217.36,4425.25,44.25,37888.55,378.89,31748.35,317.48,6140.19,61.4,11727.24,117.27,10012.3,100.12,1714.94,17.15,3.231,3.171,3.58,1546.52,1220.86,325.66,353.53,362.27,316.09,5876.23,58.76,58.76,20285.08,0.279,1.881,1.3,4.4,5.7,"""追踪止损激活ATR倍数（多头）"" set to 4.",,,,,,,,,,,,,,,,,,,,,,,,,,,,,,,,8,6,,4,4,,,,,,,,,
31236.48,312.36,3640.4,10.33,47.3,"35/74",3.248,10000,5020.83,13.86,26215.66,262.16,21788.66,217.89,4426.99,44.27,37877.96,378.78,31735.95,317.36,6142.01,61.42,11662.3,116.62,9947.28,99.47,1715.02,17.15,3.248,3.19,3.581,1554.58,1228.7,325.88,354.27,363.14,316.21,5887.74,58.88,58.88,20327.91,0.28,1.884,1.2,4.5,5.7,"""追踪止损激活ATR倍数（多头）"" set to 5.",,,,,,,,,,,,,,,,,,,,,,,,,,,,,,,,8,6,,5,4,,,,,,,,,
40865.44,408.65,4750.01,11.16,53.25,"41/77",3.73,10000,6215.4,13.92,34650.04,346.5,26782,267.82,7868.04,78.68,47343.46,473.43,37369.54,373.7,9973.92,99.74,12693.42,126.93,10587.54,105.88,2105.88,21.06,3.73,3.53,4.736,1815.15,1391.94,423.22,450,453.93,437.11,5878.94,58.79,58.79,28771.1,0.306,2.514,1.3,4.1,5.4,"""ATR追踪止损倍数（多头）"" set to 9.",,,,,,,,,,,,,,,,,,,,,,,,,,,,,,,,9,3,,3,4,,,,,,,,,
37652.44,376.52,3177.19,8.23,51.95,"40/77",3.649,10000,5804.51,13.87,31847.93,318.48,24445.39,244.45,7402.54,74.03,43872.05,438.72,34477.13,344.77,9394.92,93.95,12024.12,120.24,10031.75,100.32,1992.38,19.92,3.649,3.437,4.715,1681.53,1283.18,398.35,413.61,414.33,411.25,5886.26,58.86,58.86,25961.67,0.298,2.301,1.2,4,5.2,"""追踪止损激活ATR倍数（多头）"" set to 4.",,,,,,,,,,,,,,,,,,,,,,,,,,,,,,,,9,3,,4,4,,,,,,,,,
37725.23,377.25,3218.7,8.32,51.95,"40/77",3.664,10000,5816.82,13.88,31908.41,319.08,24490.58,244.91,7417.83,74.18,43885.98,438.86,34473.22,344.73,9412.76,94.13,11977.57,119.78,9982.64,99.83,1994.93,19.95,3.664,3.453,4.718,1692.11,1293.02,399.09,414.39,415.09,412.1,5886.31,58.86,58.86,26022.1,0.298,2.306,1.2,4.5,5.7,"""追踪止损激活ATR倍数（多头）"" set to 5.",,,,,,,,,,,,,,,,,,,,,,,,,,,,,,,,9,3,,5,4,,,,,,,,,
37256.17,372.56,4528.22,11.15,51.95,"40/77",3.571,10000,5746.96,13.85,31509.21,315.09,25575.38,255.75,5933.83,59.34,43766.94,437.67,35693.93,356.94,8073.01,80.73,12257.73,122.58,10118.55,101.19,2139.19,21.39,3.571,3.528,3.774,1733.31,1329.72,403.59,409.21,433.48,329.66,5890.72,58.91,58.91,25618.49,0.294,2.312,1.3,4.7,6,"""ATR追踪止损倍数（空头）"" set to 4.",,,,,,,,,,,,,,,,,,,,,,,,,,,,,,,,9,4,,3,4,,,,,,,,,
34222.48,342.22,3025.59,8.23,50.65,"39/77",3.477,10000,5388.41,13.88,28834.06,288.34,23279.26,232.79,5554.81,55.55,40476.05,404.76,32892.84,328.93,7583.21,75.83,11641.99,116.42,9613.58,96.14,2028.41,20.28,3.477,3.421,3.739,1606.02,1226.09,379.94,374.47,394.56,308.6,5882.89,58.83,58.83,22951.18,0.285,2.115,1.2,3.5,4.8,"""追踪止损激活ATR倍数（多头）"" set to 4.",,,,,,,,,,,,,,,,,,,,,,,,,,,,,,,,9,4,,4,4,,,,,,,,,
34292.2,342.92,3063.62,8.31,50.65,"39/77",3.493,10000,5405.75,13.9,28886.45,288.86,23317.65,233.18,5568.8,55.69,40474.57,404.75,32877.29,328.77,7597.28,75.97,11588.12,115.88,9559.64,95.6,2028.48,20.28,3.493,3.439,3.745,1614.47,1234.31,380.16,375.15,395.21,309.38,5879.93,58.8,58.8,23006.52,0.285,2.119,1.2,4.6,5.8,"""追踪止损激活ATR倍数（多头）"" set to 5.",,,,,,,,,,,,,,,,,,,,,,,,,,,,,,,,9,4,,5,4,,,,,,,,,
37515.46,375.15,4918.6,11.93,50,"38/76",3.548,10000,5803.36,13.91,31712.1,317.12,25969.45,259.69,5742.65,57.43,44159.93,441.6,36257.7,362.58,7902.23,79.02,12447.83,124.48,10288.25,102.88,2159.58,21.6,3.548,3.524,3.659,1748.46,1351.08,397.38,417.26,440.16,337.8,5879.96,58.8,58.8,25832.14,0.29,2.249,1.3,3.4,4.7,"""ATR追踪止损倍数（空头）"" set to 5.",,,,,,,,,,,,,,,,,,,,,,,,,,,,,,,,9,5,,3,4,,,,,,,,,
34539.27,345.39,3367.51,9,48.68,"37/76",3.466,10000,5438.95,13.91,29100.32,291,23699,236.99,5401.32,54.01,40902.9,409.03,33457.36,334.57,7445.54,74.46,11802.58,118.03,9758.36,97.58,2044.22,20.44,3.466,3.429,3.642,1620.31,1246.14,374.17,382.9,401.68,317.72,5874.95,58.75,58.75,23225.38,0.282,2.07,1.2,4.5,5.8,"""追踪止损激活ATR倍数（多头）"" set to 4.",,,,,,,,,,,,,,,,,,,,,,,,,,,,,,,,9,5,,4,4,,,,,,,,,
34571.58,345.72,3409.55,9.1,48.68,"37/76",3.478,10000,5450.34,13.93,29121.24,291.21,23719.99,237.2,5401.25,54.01,40871.83,408.72,33426.29,334.26,7445.54,74.46,11750.59,117.51,9706.3,97.06,2044.3,20.44,3.478,3.444,3.642,1628.69,1254.45,374.24,383.17,402.03,317.72,5875.57,58.76,58.76,23245.67,0.282,2.072,1.3,3.4,4.7,"""追踪止损激活ATR倍数（多头）"" set to 5.",,,,,,,,,,,,,,,,,,,,,,,,,,,,,,,,9,5,,5,4,,,,,,,,,
36107.77,361.08,5334.66,13.13,49.32,"36/73",3.54,10000,5636.5,13.93,30471.27,304.71,25603.54,256.04,4867.74,48.68,42469.69,424.7,35746.06,357.46,6723.63,67.24,11998.42,119.98,10142.53,101.43,1855.89,18.56,3.54,3.524,3.623,1690.55,1331.97,358.59,417.41,433.96,347.7,5875.86,58.76,58.76,24595.41,0.287,2.206,1.3,4.8,6.1,"""ATR追踪止损倍数（空头）"" set to 6.",,,,,,,,,,,,,,,,,,,,,,,,,,,,,,,,9,6,,3,4,,,,,,,,,
33175.83,331.76,3778.71,10.26,47.95,"35/73",3.451,10000,5280.88,13.94,27894.95,278.95,23321.87,233.22,4573.08,45.73,39275.36,392.75,32949.97,329.5,6325.39,63.25,11380.41,113.8,9628.11,96.28,1752.3,17.52,3.451,3.422,3.61,1564.84,1227.75,337.09,382.12,395.29,326.65,5872.65,58.73,58.73,22022.3,0.278,2.027,1.2,4.8,6,"""追踪止损激活ATR倍数（多头）"" set to 4.",,,,,,,,,,,,,,,,,,,,,,,,,,,,,,,,9,6,,4,4,,,,,,,,,
33192.61,331.93,3817.27,10.34,47.95,"35/73",3.465,10000,5269.01,13.89,27923.6,279.24,23348.7,233.49,4574.9,45.75,39251.17,392.51,32923.97,329.24,6327.2,63.27,11327.57,113.28,9575.27,95.75,1752.3,17.52,3.465,3.438,3.611,1573.69,1236.46,337.23,382.52,395.74,326.78,5879.96,58.8,58.8,22043.64,0.278,2.028,1.3,3.1,4.4,"""追踪止损激活ATR倍数（多头）"" set to 5.",,,,,,,,,,,,,,,,,,,,,,,,,,,,,,,,9,6,,5,4,,,,,,,,,
40237.58,402.38,4691.43,11.16,53.25,"41/77",3.707,10000,6138.74,13.92,34098.85,340.99,26319.05,263.19,7779.8,77.8,46695.3,466.95,36829.36,368.29,9865.94,98.66,12596.45,125.96,10510.31,105.1,2086.14,20.86,3.707,3.504,4.729,1800.14,1381.54,418.6,442.84,446.09,432.21,5873.46,58.73,58.73,28225.39,0.304,2.498,1.3,4.7,6,"""ATR追踪止损倍数（多头）"" set to 10.",,,,,,,,,,,,,,,,,,,,,,,,,,,,,,,,10,3,,3,4,,,,,,,,,
37318.5,373.19,3151.35,8.23,51.95,"40/77",3.627,10000,5789.25,13.94,31529.25,315.29,24168.58,241.69,7360.67,73.61,43531.85,435.32,34183.95,341.84,9347.9,93.48,12002.6,120.03,10015.37,100.15,1987.23,19.87,3.627,3.413,4.704,1677.13,1280.66,396.47,409.47,409.64,408.93,5873.93,58.74,58.74,25655.32,0.297,2.299,1.3,3.6,4.9,"""追踪止损激活ATR倍数（多头）"" set to 4.",,,,,,,,,,,,,,,,,,,,,,,,,,,,,,,,10,3,,4,4,,,,,,,,,
37377.62,373.78,3191.86,8.31,51.95,"40/77",3.644,10000,5790.18,13.92,31587.44,315.87,24225.09,242.25,7362.35,73.62,43534.06,435.34,34184.48,341.84,9349.58,93.5,11946.62,119.47,9959.39,99.59,1987.23,19.87,3.644,3.432,4.705,1687,1290.37,396.63,410.23,410.59,409.02,5873.4,58.73,58.73,25714.03,0.297,2.299,1.2,3.4,4.6,"""追踪止损激活ATR倍数（多头）"" set to 5.",,,,,,,,,,,,,,,,,,,,,,,,,,,,,,,,10,3,,5,4,,,,,,,,,
36684.89,366.85,4478.07,11.17,51.95,"40/77",3.542,10000,5701.09,13.91,30983.8,309.84,25121.88,251.22,5861.92,58.62,43173.4,431.73,35188.41,351.88,7984.99,79.85,12189.6,121.9,10066.53,100.67,2123.07,21.23,3.542,3.496,3.761,1720.47,1320.91,399.56,402.39,425.79,325.66,5874.5,58.75,58.75,25109.3,0.292,2.293,1.3,4.2,5.5,"""ATR追踪止损倍数（空头）"" set to 4.",,,,,,,,,,,,,,,,,,,,,,,,,,,,,,,,10,4,,3,4,,,,,,,,,
33927.85,339.28,3003.45,8.22,50.65,"39/77",3.459,10000,5363.62,13.91,28564.22,285.64,23041.49,230.41,5522.73,55.23,40180.58,401.81,32637.03,326.37,7543.55,75.44,11616.36,116.16,9595.54,95.96,2020.82,20.21,3.459,3.401,3.733,1602.12,1224.25,377.88,370.96,390.53,306.82,5875.34,58.75,58.75,22688.89,0.284,2.112,1.3,4.5,5.8,"""追踪止损激活ATR倍数（多头）"" set to 4.",,,,,,,,,,,,,,,,,,,,,,,,,,,,,,,,10,4,,4,4,,,,,,,,,
33986.72,339.87,3041.1,8.31,50.65,"39/77",3.476,10000,5382.55,13.94,28604.17,286.04,23062.59,230.63,5541.58,55.42,40156.78,401.57,32594.31,325.94,7562.47,75.62,11552.61,115.53,9531.72,95.32,2020.89,20.21,3.476,3.42,3.742,1610.38,1231.94,378.44,371.48,390.89,307.87,5871.42,58.71,58.71,22732.75,0.284,2.114,1.2,3.1,4.4,"""追踪止损激活ATR倍数（多头）"" set to 5.",,,,,,,,,,,,,,,,,,,,,,,,,,,,,,,,10,4,,5,4,,,,,,,,,
36962.54,369.63,4858.85,11.92,50,"38/76",3.525,10000,5726.45,13.89,31236.09,312.36,25546.99,255.47,5689.1,56.89,43606.06,436.06,35774.18,357.74,7831.89,78.32,12369.98,123.7,10227.19,102.27,2142.79,21.43,3.525,3.498,3.655,1736,1342.55,393.46,411,433,334.65,5881.29,58.81,58.81,25354.79,0.288,2.233,1.3,4.1,5.4,"""ATR追踪止损倍数（空头）"" set to 5.",,,,,,,,,,,,,,,,,,,,,,,,,,,,,,,,10,5,,3,4,,,,,,,,,
34201.76,342.02,3348.42,9.01,48.68,"37/76",3.445,10000,5385.85,13.88,28815.91,288.16,23443.87,234.44,5372.04,53.72,40601.05,406.01,33189.96,331.9,7411.08,74.11,11785.14,117.85,9746.09,97.46,2039.04,20.39,3.445,3.405,3.635,1616.37,1244.09,372.28,379.16,397.35,316,5884.43,58.84,58.84,22931.48,0.281,2.066,1.3,4,5.2,"""追踪止损激活ATR倍数（多头）"" set to 4.",,,,,,,,,,,,,,,,,,,,,,,,,,,,,,,,10,5,,4,4,,,,,,,,,
34211.98,342.12,3382.2,9.09,48.68,"37/76",3.46,10000,5384.94,13.87,28827.04,288.27,23455,234.55,5372.04,53.72,40546.13,405.46,33135.05,331.35,7411.08,74.11,11719.09,117.19,9680.05,96.8,2039.04,20.39,3.46,3.423,3.635,1623.77,1251.5,372.28,379.3,397.54,316,5884.98,58.85,58.85,22942.06,0.281,2.065,1.2,3.5,4.8,"""追踪止损激活ATR倍数（多头）"" set to 5.",,,,,,,,,,,,,,,,,,,,,,,,,,,,,,,,10,5,,5,4,,,,,,,,,
35518.55,355.19,5265.87,13.12,49.32,"36/73",3.516,10000,5550.4,13.89,29968.15,299.68,25144.8,251.45,4823.35,48.23,41880.14,418.8,35220.26,352.2,6659.88,66.6,11911.99,119.12,10075.47,100.75,1836.53,18.37,3.516,3.496,3.626,1676.59,1322.07,354.51,410.52,426.18,344.53,5882.55,58.83,58.83,24085.6,0.285,2.189,1.3,4.1,5.4,"""ATR追踪止损倍数（空头）"" set to 6.",,,,,,,,,,,,,,,,,,,,,,,,,,,,,,,,10,6,,3,4,,,,,,,,,
32839.64,328.4,3748.83,10.25,47.95,"35/73",3.432,10000,5231.26,13.91,27608.37,276.08,23059.3,230.59,4549.07,45.49,38961.59,389.62,32668.69,326.69,6292.9,62.93,11353.22,113.53,9609.39,96.09,1743.83,17.44,3.432,3.4,3.609,1560.66,1225.64,335.02,378.2,390.84,324.93,5880.25,58.8,58.8,21728.13,0.277,2.021,1.2,3.5,4.7,"""追踪止损激活ATR倍数（多头）"" set to 4.",,,,,,,,,,,,,,,,,,,,,,,,,,,,,,,,10,6,,4,4,,,,,,,,,
32863.62,328.64,3784.88,10.34,47.95,"35/73",3.448,10000,5233.03,13.91,27630.59,276.31,23081.52,230.82,4549.07,45.49,38919.33,389.19,32626.43,326.26,6292.9,62.93,11288.74,112.89,9544.91,95.45,1743.83,17.44,3.448,3.418,3.609,1568.21,1233.19,335.02,378.5,391.21,324.93,5879.15,58.79,58.79,21751.44,0.277,2.022,1.3,3.1,4.4,"""追踪止损激活ATR倍数（多头）"" set to 5.",,,,,,,,,,,,,,,,,,,,,,,,,,,,,,,,10,6,,5,4,,,,,,,,,
40221.76,402.22,4691.43,11.16,53.25,"41/77",3.707,10000,6122.91,13.88,34098.85,340.99,26319.05,263.19,7779.8,77.8,46695.3,466.95,36829.36,368.29,9865.94,98.66,12596.45,125.96,10510.31,105.1,2086.14,20.86,3.707,3.504,4.729,1800.14,1381.54,418.6,442.84,446.09,432.21,5881.84,58.82,58.82,28217.01,0.304,2.497,1.3,3.7,5,"""ATR追踪止损倍数（多头）"" set to 11.",,,,,,,,,,,,,,,,,,,,,,,,,,,,,,,,11,3,,3,4,,,,,,,,,
37302.18,373.02,3151.35,8.23,51.95,"40/77",3.627,10000,5772.93,13.9,31529.25,315.29,24168.58,241.69,7360.67,73.61,43531.85,435.32,34183.95,341.84,9347.9,93.48,12002.6,120.03,10015.37,100.15,1987.23,19.87,3.627,3.413,4.704,1677.13,1280.66,396.47,409.47,409.64,408.93,5883.09,58.83,58.83,25646.16,0.297,2.299,1.3,3.6,4.9,"""追踪止损激活ATR倍数（多头）"" set to 4.",,,,,,,,,,,,,,,,,,,,,,,,,,,,,,,,11,3,,4,4,,,,,,,,,
37354.37,373.54,3191.86,8.31,51.95,"40/77",3.644,10000,5766.93,13.87,31587.44,315.87,24225.09,242.25,7362.35,73.62,43534.06,435.34,34184.48,341.84,9349.58,93.5,11946.62,119.47,9959.39,99.59,1987.23,19.87,3.644,3.432,4.705,1687,1290.37,396.63,410.23,410.59,409.02,5886.46,58.86,58.86,25700.98,0.297,2.299,1.2,4.5,5.7,"""追踪止损激活ATR倍数（多头）"" set to 5.",,,,,,,,,,,,,,,,,,,,,,,,,,,,,,,,11,3,,5,4,,,,,,,,,
36673.3,366.73,4478.07,11.17,51.95,"40/77",3.542,10000,5689.51,13.88,30983.8,309.84,25121.88,251.22,5861.92,58.62,43173.4,431.73,35188.41,351.88,7984.99,79.85,12189.6,121.9,10066.53,100.67,2123.07,21.23,3.542,3.496,3.761,1720.47,1320.91,399.56,402.39,425.79,325.66,5881.11,58.81,58.81,25102.69,0.292,2.292,1.3,3.9,5.2,"""ATR追踪止损倍数（空头）"" set to 4.",,,,,,,,,,,,,,,,,,,,,,,,,,,,,,,,11,4,,3,4,,,,,,,,,
33924.53,339.25,3003.45,8.22,50.65,"39/77",3.459,10000,5360.3,13.9,28564.22,285.64,23041.49,230.41,5522.73,55.23,40180.58,401.81,32637.03,326.37,7543.55,75.44,11616.36,116.16,9595.54,95.96,2020.82,20.21,3.459,3.401,3.733,1602.12,1224.25,377.88,370.96,390.53,306.82,5877.35,58.77,58.77,22686.88,0.284,2.112,1.2,4.6,5.8,"""追踪止损激活ATR倍数（多头）"" set to 4.",,,,,,,,,,,,,,,,,,,,,,,,,,,,,,,,11,4,,4,4,,,,,,,,,
33977.3,339.77,3041.1,8.31,50.65,"39/77",3.476,10000,5373.13,13.92,28604.17,286.04,23062.59,230.63,5541.58,55.42,40156.78,401.57,32594.31,325.94,7562.47,75.62,11552.61,115.53,9531.72,95.32,2020.89,20.21,3.476,3.42,3.742,1610.38,1231.94,378.44,371.48,390.89,307.87,5877.11,58.77,58.77,22727.06,0.284,2.114,1.2,3.2,4.4,"""追踪止损激活ATR倍数（多头）"" set to 5.",,,,,,,,,,,,,,,,,,,,,,,,,,,,,,,,11,4,,5,4,,,,,,,,,
36952.07,369.52,4858.85,11.92,50,"38/76",3.525,10000,5715.99,13.86,31236.09,312.36,25546.99,255.47,5689.1,56.89,43606.06,436.06,35774.18,357.74,7831.89,78.32,12369.98,123.7,10227.19,102.27,2142.79,21.43,3.525,3.498,3.655,1736,1342.55,393.46,411,433,334.65,5887.22,58.87,58.87,25348.86,0.288,2.233,1.3,4.7,6,"""ATR追踪止损倍数（空头）"" set to 5.",,,,,,,,,,,,,,,,,,,,,,,,,,,,,,,,11,5,,3,4,,,,,,,,,
34197.59,341.98,3348.42,9.01,48.68,"37/76",3.445,10000,5381.69,13.86,28815.91,288.16,23443.87,234.44,5372.04,53.72,40601.05,406.01,33189.96,331.9,7411.08,74.11,11785.14,117.85,9746.09,97.46,2039.04,20.39,3.445,3.405,3.635,1616.37,1244.09,372.28,379.16,397.35,316,5886.93,58.87,58.87,22928.97,0.281,2.066,1.2,4.7,5.9,"""追踪止损激活ATR倍数（多头）"" set to 4.",,,,,,,,,,,,,,,,,,,,,,,,,,,,,,,,11,5,,4,4,,,,,,,,,
34213.07,342.13,3382.2,9.09,48.68,"37/76",3.46,10000,5386.03,13.87,28827.04,288.27,23455,234.55,5372.04,53.72,40546.13,405.46,33135.05,331.35,7411.08,74.11,11719.09,117.19,9680.05,96.8,2039.04,20.39,3.46,3.423,3.635,1623.77,1251.5,372.28,379.3,397.54,316,5884.32,58.84,58.84,22942.72,0.281,2.065,1.3,3.2,4.5,"""追踪止损激活ATR倍数（多头）"" set to 5.",,,,,,,,,,,,,,,,,,,,,,,,,,,,,,,,11,5,,5,4,,,,,,,,,
35504.38,355.04,5265.87,13.12,49.32,"36/73",3.516,10000,5536.23,13.85,29968.15,299.68,25144.8,251.45,4823.35,48.23,41880.14,418.8,35220.26,352.2,6659.88,66.6,11911.99,119.12,10075.47,100.75,1836.53,18.37,3.516,3.496,3.626,1676.59,1322.07,354.51,410.52,426.18,344.53,5890.83,58.91,58.91,24077.32,0.284,2.189,1.3,3.4,4.7,"""ATR追踪止损倍数（空头）"" set to 6.",,,,,,,,,,,,,,,,,,,,,,,,,,,,,,,,11,6,,3,4,,,,,,,,,
32838.67,328.39,3748.83,10.25,47.95,"35/73",3.432,10000,5230.29,13.91,27608.37,276.08,23059.3,230.59,4549.07,45.49,38961.59,389.62,32668.69,326.69,6292.9,62.93,11353.22,113.53,9609.39,96.09,1743.83,17.44,3.432,3.4,3.609,1560.66,1225.64,335.02,378.2,390.84,324.93,5880.85,58.81,58.81,21727.53,0.277,2.021,1.2,4.4,5.6,"""追踪止损激活ATR倍数（多头）"" set to 4.",,,,,,,,,,,,,,,,,,,,,,,,,,,,,,,,11,6,,4,4,,,,,,,,,
32872.13,328.72,3784.88,10.34,47.95,"35/73",3.448,10000,5241.53,13.93,27630.59,276.31,23081.52,230.82,4549.07,45.49,38919.33,389.19,32626.43,326.26,6292.9,62.93,11288.74,112.89,9544.91,95.45,1743.83,17.44,3.448,3.418,3.609,1568.21,1233.19,335.02,378.5,391.21,324.93,5873.88,58.74,58.74,21756.72,0.277,2.022,1.2,4.9,6.1,"""追踪止损激活ATR倍数（多头）"" set to 5.",,,,,,,,,,,,,,,,,,,,,,,,,,,,,,,,11,6,,5,4,,,,,,,,,
44233.81,442.34,5063.37,11.16,53.85,"42/78",3.634,10000,6625.35,13.92,37608.46,376.08,28917.29,289.17,8691.17,86.91,51884.12,518.84,40968.33,409.68,10915.79,109.16,14275.66,142.76,12051.04,120.51,2224.62,22.25,3.634,3.4,4.907,1966,1517.26,448.74,482.16,481.95,482.84,5879.07,58.79,58.79,31729.39,0.318,2.219,1.4,3.6,4.9,"""追踪止损激活ATR倍数（空头）"" set to 5.",,,,,,,,,,,,,,,,,,,,,,,,,,,,,,,,7,3,,3,5,,,,,,,,,
40224.26,402.24,3348.03,8.23,51.28,"40/78",3.55,10000,6110.49,13.85,34113.77,341.14,26026.53,260.27,8087.24,80.87,47489.46,474.89,37322.24,373.22,10167.22,101.67,13375.69,133.76,11295.71,112.96,2079.98,20.8,3.55,3.304,4.888,1801.8,1384.08,417.72,437.36,433.78,449.29,5888.42,58.88,58.88,28225.35,0.307,2.044,1.3,3.9,5.2,"""追踪止损激活ATR倍数（多头）"" set to 4.",,,,,,,,,,,,,,,,,,,,,,,,,,,,,,,,7,3,,4,5,,,,,,,,,
40269.54,402.7,3394.34,8.32,51.28,"40/78",3.566,10000,6119.03,13.86,34150.51,341.51,26065.78,260.66,8084.72,80.85,47461.83,474.62,37294.6,372.95,10167.22,101.67,13311.32,133.11,11228.82,112.29,2082.5,20.82,3.566,3.321,4.882,1810.6,1392.64,417.97,437.83,434.43,449.15,5890.46,58.9,58.9,28260.05,0.307,2.046,1.3,4.5,5.8,"""追踪止损激活ATR倍数（多头）"" set to 5.",,,,,,,,,,,,,,,,,,,,,,,,,,,,,,,,7,3,,5,5,,,,,,,,,
40309.43,403.09,4824.16,11.16,53.85,"42/78",3.501,10000,6114.29,13.83,34195.14,341.95,27593.91,275.94,6601.23,66.01,47867.57,478.68,39123.03,391.23,8744.54,87.45,13672.43,136.72,11529.12,115.29,2143.31,21.43,3.501,3.393,4.08,1876.89,1448.42,428.46,438.4,459.9,366.73,5892.97,58.93,58.93,28302.17,0.305,2.123,1.3,4.3,5.6,"""ATR追踪止损倍数（空头）"" set to 4.",,,,,,,,,,,,,,,,,,,,,,,,,,,,,,,,7,4,,3,5,,,,,,,,,
36603.48,366.03,3187.92,8.23,51.28,"40/78",3.415,10000,5670.64,13.85,30932.84,309.33,24799.89,248,6132.95,61.33,43739.15,437.39,35599.91,356,8139.24,81.39,12806.3,128.06,10800.02,108,2006.29,20.06,3.415,3.296,4.057,1719.36,1320.53,398.83,396.57,413.33,340.72,5891.87,58.92,58.92,25040.97,0.295,1.953,1.2,4.1,5.4,"""追踪止损激活ATR倍数（多头）"" set to 4.",,,,,,,,,,,,,,,,,,,,,,,,,,,,,,,,7,4,,4,5,,,,,,,,,
36672.27,366.72,3227.52,8.31,51.28,"40/78",3.43,10000,5688.31,13.88,30983.95,309.84,24835.88,248.36,6148.07,61.48,43736.26,437.36,35579.46,355.79,8156.8,81.57,12752.31,127.52,10743.58,107.44,2008.73,20.09,3.43,3.312,4.061,1728.32,1328.86,399.46,397.23,413.93,341.56,5881.79,58.82,58.82,25102.16,0.295,1.955,1.3,3.1,4.3,"""追踪止损激活ATR倍数（多头）"" set to 5.",,,,,,,,,,,,,,,,,,,,,,,,,,,,,,,,7,4,,5,5,,,,,,,,,
39383.04,393.83,5111.14,11.92,51.95,"40/77",3.439,10000,6024.28,13.89,33358.75,333.59,27375.77,273.76,5982.99,59.83,47033.33,470.33,38809.4,388.09,8223.93,82.24,13674.58,136.75,11433.63,114.34,2240.95,22.41,3.439,3.394,3.67,1850.83,1437.14,413.69,433.23,456.26,351.94,5881.45,58.81,58.81,27477.3,0.297,2.001,1.3,4.3,5.6,"""ATR追踪止损倍数（空头）"" set to 5.",,,,,,,,,,,,,,,,,,,,,,,,,,,,,,,,7,5,,3,5,,,,,,,,,
35697.01,356.97,3459.86,9.01,49.35,"38/77",3.35,10000,5563.74,13.86,30133.27,301.33,24573.42,245.73,5559.85,55.6,42954.95,429.55,35299.9,353,7655.05,76.55,12821.68,128.22,10726.48,107.26,2095.21,20.95,3.35,3.291,3.654,1694.56,1309.95,384.61,391.34,409.56,327.05,5889.23,58.89,58.89,24244.04,0.286,1.845,1.3,4.3,5.6,"""追踪止损激活ATR倍数（多头）"" set to 4.",,,,,,,,,,,,,,,,,,,,,,,,,,,,,,,,7,5,,4,5,,,,,,,,,
35770.43,357.7,3502.32,9.09,49.35,"38/77",3.367,10000,5566.81,13.85,30203.61,302.04,24644.61,246.45,5559.01,55.59,42965.85,429.66,35309.12,353.09,7656.73,76.57,12762.24,127.62,10664.51,106.65,2097.72,20.98,3.367,3.311,3.65,1704.22,1319.2,385.01,392.25,410.74,327,5894.64,58.95,58.95,24308.97,0.286,1.848,1.2,4.3,5.6,"""追踪止损激活ATR倍数（多头）"" set to 5.",,,,,,,,,,,,,,,,,,,,,,,,,,,,,,,,7,5,,5,5,,,,,,,,,
37819.86,378.2,5538.02,13.13,50,"37/74",3.425,10000,5814.51,13.84,32005.35,320.05,26953.49,269.53,5051.85,50.52,45201.46,452.01,38221.64,382.22,6979.82,69.8,13196.11,131.96,11268.15,112.68,1927.96,19.28,3.425,3.392,3.62,1788.1,1415.76,372.34,432.5,449.22,360.85,5894.48,58.94,58.94,26110.86,0.293,1.958,1.3,4.8,6.1,"""ATR追踪止损倍数（空头）"" set to 6.",,,,,,,,,,,,,,,,,,,,,,,,,,,,,,,,7,6,,3,5,,,,,,,,,
34267.64,342.68,3874.13,10.25,47.3,"35/74",3.335,10000,5385.69,13.85,28881.95,288.82,24175.96,241.76,4705.99,47.06,41253.38,412.53,34748.92,347.49,6504.46,65.04,12371.43,123.71,10572.96,105.73,1798.47,17.98,3.335,3.287,3.617,1635.76,1289.77,345.99,390.3,402.93,336.14,5891.98,58.92,58.92,22989.97,0.282,1.804,1.3,3.8,5.1,"""追踪止损激活ATR倍数（多头）"" set to 4.",,,,,,,,,,,,,,,,,,,,,,,,,,,,,,,,7,6,,4,5,,,,,,,,,
34299.35,342.99,3913.9,10.34,47.3,"35/74",3.35,10000,5389.48,13.85,28909.87,289.1,24204.72,242.05,4705.15,47.05,41213.09,412.13,34708.63,347.09,6504.46,65.04,12303.22,123.03,10503.91,105.04,1799.31,17.99,3.35,3.304,3.615,1643.92,1297.75,346.18,390.67,403.41,336.08,5889.7,58.9,58.9,23020.17,0.283,1.806,1.3,4.5,5.7,"""追踪止损激活ATR倍数（多头）"" set to 5.",,,,,,,,,,,,,,,,,,,,,,,,,,,,,,,,7,6,,5,5,,,,,,,,,
39862.23,398.62,4663.75,11.17,52.56,"41/78",3.526,10000,6060.91,13.84,33801.33,338.01,25705.8,257.06,8095.53,80.96,47184.13,471.84,36976.92,369.77,10207.21,102.07,13382.8,133.83,11271.12,112.71,2111.68,21.12,3.526,3.281,4.834,1837.4,1418.33,419.07,433.35,428.43,449.75,5895.03,58.95,58.95,27906.29,0.315,2.364,1.3,6.5,7.8,"""ATR追踪止损倍数（多头）"" set to 8.",,,,,,,,,,,,,,,,,,,,,,,,,,,,,,,,8,3,,3,5,,,,,,,,,
36688.27,366.88,3111.55,8.23,51.28,"40/78",3.445,10000,5674.16,13.83,31014.11,310.14,23400.1,234,7614.01,76.14,43696.82,436.97,34085.23,340.85,9611.59,96.12,12682.71,126.83,10685.13,106.85,1997.58,19.98,3.445,3.19,4.812,1702.7,1308.14,394.56,397.62,390,423,5896.91,58.97,58.97,25117.2,0.305,2.166,1.2,3.3,4.6,"""追踪止损激活ATR倍数（多头）"" set to 4.",,,,,,,,,,,,,,,,,,,,,,,,,,,,,,,,8,3,,4,5,,,,,,,,,
36770.5,367.7,3155.48,8.32,51.28,"40/78",3.463,10000,5678.84,13.82,31091.66,310.92,23461.58,234.62,7630.08,76.3,43716.73,437.17,34086.51,340.87,9630.22,96.3,12625.07,126.25,10624.93,106.25,2000.14,20,3.463,3.208,4.815,1712.66,1317.37,395.29,398.61,391.03,423.89,5901.27,59.01,59.01,25190.39,0.306,2.17,1.2,4.3,5.5,"""追踪止损激活ATR倍数（多头）"" set to 5.",,,,,,,,,,,,,,,,,,,,,,,,,,,,,,,,8,3,,5,5,,,,,,,,,
36284.36,362.84,4439.03,11.16,52.56,"41/78",3.394,10000,5615.52,13.81,30668.84,306.69,24529.3,245.29,6139.54,61.4,43479.83,434.8,35305.5,353.05,8174.33,81.74,12810.99,128.11,10776.2,107.76,2034.79,20.35,3.394,3.276,4.017,1755.06,1354.68,400.38,393.19,408.82,341.09,5902.19,59.02,59.02,24766.65,0.302,2.257,1.3,4.6,6,"""ATR追踪止损倍数（空头）"" set to 4.",,,,,,,,,,,,,,,,,,,,,,,,,,,,,,,,8,4,,3,5,,,,,,,,,
33343.79,333.44,2957.7,8.2,51.28,"40/78",3.311,10000,5259.91,13.81,28083.88,280.84,22301.68,223.02,5782.21,57.82,40236.67,402.37,32526.52,325.27,7710.15,77.1,12152.78,121.53,10224.84,102.25,1927.94,19.28,3.311,3.181,3.999,1626.56,1249.32,377.24,360.05,371.69,321.23,5900.78,59.01,59.01,22183.11,0.293,2.064,1.2,4.6,5.8,"""追踪止损激活ATR倍数（多头）"" set to 4.",,,,,,,,,,,,,,,,,,,,,,,,,,,,,,,,8,4,,4,5,,,,,,,,,
33373.02,333.73,3002.49,8.31,51.28,"40/78",3.323,10000,5264.38,13.81,28108.64,281.09,22326.43,223.26,5782.21,57.82,40206.7,402.07,32496.55,324.97,7710.15,77.1,12098.07,120.98,10170.13,101.7,1927.94,19.28,3.323,3.195,3.999,1634.8,1257.56,377.24,360.37,372.11,321.23,5898.03,58.98,58.98,22210.6,0.293,2.066,1.2,3.3,4.5,"""追踪止损激活ATR倍数（多头）"" set to 5.",,,,,,,,,,,,,,,,,,,,,,,,,,,,,,,,8,4,,5,5,,,,,,,,,
35353.4,353.53,4697.04,11.92,50.65,"39/77",3.329,10000,5511.58,13.83,29841.82,298.42,24291.81,242.92,5550.01,55.5,42656.63,426.57,34976.79,349.77,7679.84,76.8,12814.81,128.15,10684.98,106.85,2129.83,21.3,3.329,3.273,3.606,1728.39,1342.77,385.62,387.56,404.86,326.47,5898.01,58.98,58.98,23943.81,0.292,2.093,1.3,4.7,6,"""ATR追踪止损倍数（空头）"" set to 5.",,,,,,,,,,,,,,,,,,,,,,,,,,,,,,,,8,5,,3,5,,,,,,,,,
32454.04,324.54,3216.8,9.01,49.35,"38/77",3.245,10000,5153.2,13.82,27300.84,273.01,22079.75,220.8,5221.09,52.21,39463.57,394.64,32226.35,322.26,7237.21,72.37,12162.72,121.63,10146.6,101.47,2016.13,20.16,3.245,3.176,3.59,1601.76,1238.74,363.01,354.56,368,307.12,5898.01,58.98,58.98,21402.83,0.283,1.924,1.3,3.1,4.4,"""追踪止损激活ATR倍数（多头）"" set to 4.",,,,,,,,,,,,,,,,,,,,,,,,,,,,,,,,8,5,,4,5,,,,,,,,,
32504.14,325.04,3250.07,9.08,49.35,"38/77",3.261,10000,5148.97,13.78,27355.17,273.55,22118.61,221.19,5236.56,52.37,39452.63,394.53,32199.87,322,7252.76,72.53,12097.46,120.97,10081.26,100.81,2016.2,20.16,3.261,3.194,3.597,1609.86,1246.46,363.4,355.26,368.64,308.03,5908.38,59.08,59.08,21446.8,0.283,1.927,1.3,4.7,6,"""追踪止损激活ATR倍数（多头）"" set to 5.",,,,,,,,,,,,,,,,,,,,,,,,,,,,,,,,8,5,,5,5,,,,,,,,,
33943,339.43,5093.54,13.14,48.65,"36/74",3.318,10000,5328.24,13.8,28614.75,286.15,23905.88,239.06,4708.87,47.09,40957.95,409.58,34433.17,344.33,6524.78,65.25,12343.2,123.43,10527.28,105.27,1815.92,18.16,3.318,3.271,3.593,1668.45,1322.03,346.43,386.69,398.43,336.35,5904.25,59.04,59.04,22710.5,0.289,2.046,1.3,3.3,4.6,"""ATR追踪止损倍数（空头）"" set to 6.",,,,,,,,,,,,,,,,,,,,,,,,,,,,,,,,8,6,,3,5,,,,,,,,,
31144.16,311.44,3608.52,10.26,47.3,"35/74",3.231,10000,4982.86,13.78,26161.31,261.61,21736.06,217.36,4425.25,44.25,37888.55,378.89,31748.35,317.48,6140.19,61.4,11727.24,117.27,10012.3,100.12,1714.94,17.15,3.231,3.171,3.58,1546.52,1220.86,325.66,353.53,362.27,316.09,5904.28,59.04,59.04,20257.03,0.279,1.879,1.2,3.7,4.9,"""追踪止损激活ATR倍数（多头）"" set to 4.",,,,,,,,,,,,,,,,,,,,,,,,,,,,,,,,8,6,,4,5,,,,,,,,,
31221.46,312.21,3640.4,10.33,47.3,"35/74",3.248,10000,5005.8,13.82,26215.66,262.16,21788.66,217.89,4426.99,44.27,37877.96,378.78,31735.95,317.36,6142.01,61.42,11662.3,116.62,9947.28,99.47,1715.02,17.15,3.248,3.19,3.581,1554.58,1228.7,325.88,354.27,363.14,316.21,5897.43,58.97,58.97,20318.22,0.28,1.884,1.3,3.1,4.4,"""追踪止损激活ATR倍数（多头）"" set to 5.",,,,,,,,,,,,,,,,,,,,,,,,,,,,,,,,8,6,,5,5,,,,,,,,,
42196.37,421.96,4881.18,11.17,53.25,"41/77",3.761,10000,6326.52,13.79,35869.85,358.7,27505.63,275.06,8364.22,83.64,48861.43,488.61,38356.85,383.57,10504.58,105.05,12991.58,129.92,10851.22,108.51,2140.36,21.4,3.761,3.535,4.908,1860.29,1428.3,431.99,465.84,466.2,464.68,5904.64,59.05,59.05,29965.21,0.311,2.553,1.3,4.4,5.7,"""ATR追踪止损倍数（多头）"" set to 9.",,,,,,,,,,,,,,,,,,,,,,,,,,,,,,,,9,3,,3,5,,,,,,,,,
38910.32,389.1,3261.43,8.23,51.95,"40/77",3.681,10000,5932.12,13.8,32978.19,329.78,25108.29,251.08,7869.91,78.7,45280.6,452.81,35384.65,353.85,9895.95,98.96,12302.4,123.02,10276.36,102.76,2026.04,20.26,3.681,3.443,4.884,1722.48,1315.93,406.56,428.29,425.56,437.22,5904.51,59.05,59.05,27073.68,0.303,2.336,1.3,4.5,5.8,"""追踪止损激活ATR倍数（多头）"" set to 4.",,,,,,,,,,,,,,,,,,,,,,,,,,,,,,,,9,3,,4,5,,,,,,,,,
38943.76,389.44,3298.63,8.31,51.95,"40/77",3.696,10000,5938.43,13.81,33005.33,330.05,25133.74,251.34,7871.59,78.72,45247.5,452.48,35349.87,353.5,9897.63,98.98,12242.17,122.42,10216.13,102.16,2026.04,20.26,3.696,3.46,4.885,1731.65,1324.93,406.72,428.64,426,437.31,5901.09,59.01,59.01,27104.24,0.303,2.34,1.3,4.7,6,"""追踪止损激活ATR倍数（多头）"" set to 5.",,,,,,,,,,,,,,,,,,,,,,,,,,,,,,,,9,3,,5,5,,,,,,,,,
38454.91,384.55,4647.27,11.16,53.25,"41/77",3.621,10000,5889.55,13.84,32565.37,325.65,26205.08,262.05,6360.29,63.6,44989.7,449.9,36568.68,365.69,8421.02,84.21,12424.34,124.24,10363.61,103.64,2060.73,20.61,3.621,3.529,4.086,1774.67,1362.32,412.35,422.93,444.15,353.35,5894.04,58.94,58.94,26671.33,0.299,2.442,1.3,4.6,5.9,"""ATR追踪止损倍数（空头）"" set to 4.",,,,,,,,,,,,,,,,,,,,,,,,,,,,,,,,9,4,,3,5,,,,,,,,,
35422.3,354.22,3106.44,8.22,51.95,"40/77",3.533,10000,5519.7,13.83,29902.61,299.03,23931.89,239.32,5970.72,59.71,41706.47,417.06,33780.29,337.8,7926.18,79.26,11803.87,118.04,9848.4,98.48,1955.46,19.55,3.533,3.43,4.053,1646.46,1257.89,388.57,388.35,405.63,331.71,5893.25,58.93,58.93,24009.35,0.29,2.23,1.2,3.7,5,"""追踪止损激活ATR倍数（多头）"" set to 4.",,,,,,,,,,,,,,,,,,,,,,,,,,,,,,,,9,4,,4,5,,,,,,,,,
35529.81,355.3,3144.53,8.3,51.95,"40/77",3.554,10000,5557.37,13.9,29972.44,299.72,23984.59,239.85,5987.86,59.88,41709.78,417.1,33766.35,337.66,7943.43,79.43,11737.34,117.37,9781.77,97.82,1955.57,19.56,3.554,3.452,4.062,1655.8,1266.64,389.16,389.25,406.52,332.66,5878.47,58.78,58.78,24093.97,0.291,2.237,1.2,3.7,5,"""追踪止损激活ATR倍数（多头）"" set to 5.",,,,,,,,,,,,,,,,,,,,,,,,,,,,,,,,9,4,,5,5,,,,,,,,,
37610.92,376.11,4922.99,11.91,51.32,"39/76",3.554,10000,5807.79,13.89,31803.13,318.03,26038.05,260.38,5765.09,57.65,44255.6,442.56,36335.29,363.35,7920.32,79.2,12452.47,124.52,10297.24,102.97,2155.23,21.55,3.554,3.529,3.675,1751.49,1353.25,398.24,418.46,441.32,339.12,5884.43,58.84,58.84,25918.71,0.29,2.257,1.3,3.2,4.5,"""ATR追踪止损倍数（空头）"" set to 5.",,,,,,,,,,,,,,,,,,,,,,,,,,,,,,,,9,5,,3,5,,,,,,,,,
34594.19,345.94,3380.14,9.02,50,"38/76",3.468,10000,5433.13,13.87,29161.07,291.61,23741.23,237.41,5419.84,54.2,40978.05,409.78,33514.43,335.14,7463.62,74.64,11816.98,118.17,9773.2,97.73,2043.78,20.44,3.468,3.429,3.652,1623.09,1247.97,375.12,383.7,402.39,318.81,5885.84,58.86,58.86,23275.23,0.282,2.074,1.3,4.1,5.4,"""追踪止损激活ATR倍数（多头）"" set to 4.",,,,,,,,,,,,,,,,,,,,,,,,,,,,,,,,9,5,,4,5,,,,,,,,,
34646.03,346.46,3413.67,9.09,50,"38/76",3.482,10000,5447.8,13.9,29198.23,291.98,23764.53,237.65,5433.7,54.34,40963.09,409.63,33485.61,334.86,7477.48,74.77,11764.86,117.65,9721.08,97.21,2043.78,20.44,3.482,3.445,3.659,1632.17,1256.89,375.28,384.19,402.79,319.63,5877.09,58.77,58.77,23321.14,0.282,2.077,1.3,3,4.3,"""追踪止损激活ATR倍数（多头）"" set to 5.",,,,,,,,,,,,,,,,,,,,,,,,,,,,,,,,9,5,,5,5,,,,,,,,,
36105.82,361.06,5334.66,13.13,49.32,"36/73",3.54,10000,5634.55,13.92,30471.27,304.71,25603.54,256.04,4867.74,48.68,42469.69,424.7,35746.06,357.46,6723.63,67.24,11998.42,119.98,10142.53,101.43,1855.89,18.56,3.54,3.524,3.623,1690.55,1331.97,358.59,417.41,433.96,347.7,5876.98,58.77,58.77,24594.29,0.287,2.206,1.3,4.4,5.7,"""ATR追踪止损倍数（空头）"" set to 6.",,,,,,,,,,,,,,,,,,,,,,,,,,,,,,,,9,6,,3,5,,,,,,,,,
33174.22,331.74,3778.71,10.26,47.95,"35/73",3.451,10000,5279.27,13.93,27894.95,278.95,23321.87,233.22,4573.08,45.73,39275.36,392.75,32949.97,329.5,6325.39,63.25,11380.41,113.8,9628.11,96.28,1752.3,17.52,3.451,3.422,3.61,1564.84,1227.75,337.09,382.12,395.29,326.65,5873.64,58.74,58.74,22021.31,0.278,2.027,1.3,3.7,5,"""追踪止损激活ATR倍数（多头）"" set to 4.",,,,,,,,,,,,,,,,,,,,,,,,,,,,,,,,9,6,,4,5,,,,,,,,,
33209.61,332.1,3817.27,10.34,47.95,"35/73",3.465,10000,5286.01,13.94,27923.6,279.24,23348.7,233.49,4574.9,45.75,39251.17,392.51,32923.97,329.24,6327.2,63.27,11327.57,113.28,9575.27,95.75,1752.3,17.52,3.465,3.438,3.611,1573.69,1236.46,337.23,382.52,395.74,326.78,5869.49,58.69,58.69,22054.11,0.278,2.028,1.2,3.2,4.4,"""追踪止损激活ATR倍数（多头）"" set to 5.",,,,,,,,,,,,,,,,,,,,,,,,,,,,,,,,9,6,,5,5,,,,,,,,,
41687.25,416.87,4824.16,11.16,53.25,"41/77",3.738,10000,6323.2,13.94,35364.04,353.64,27083.4,270.83,8280.65,82.81,48279.08,482.79,37873.75,378.74,10405.33,104.05,12915.04,129.15,10790.35,107.9,2124.68,21.25,3.738,3.51,4.897,1847.3,1419.5,427.8,459.27,459.04,460.04,5868.23,58.68,58.68,29495.81,0.309,2.539,1.3,4.1,5.5,"""ATR追踪止损倍数（多头）"" set to 10.",,,,,,,,,,,,,,,,,,,,,,,,,,,,,,,,10,3,,3,5,,,,,,,,,
38615.55,386.16,3237.66,8.23,51.95,"40/77",3.66,10000,5961.16,13.98,32654.39,326.54,24835.56,248.36,7818.83,78.19,44930.74,449.31,35093.53,350.94,9837.21,98.37,12276.35,122.76,10257.97,102.58,2018.38,20.18,3.66,3.421,4.874,1718.48,1314.02,404.46,424.08,420.94,434.38,5861.6,58.62,58.62,26792.79,0.302,2.337,1.3,4.3,5.6,"""追踪止损激活ATR倍数（多头）"" set to 4.",,,,,,,,,,,,,,,,,,,,,,,,,,,,,,,,10,3,,4,5,,,,,,,,,
38666.76,386.67,3282.06,8.32,51.95,"40/77",3.675,10000,5979.06,14.01,32687.7,326.88,24869.71,248.7,7817.99,78.18,44908.78,449.09,35069.89,350.7,9838.89,98.39,12221.08,122.21,10200.18,102,2020.9,20.21,3.675,3.438,4.869,1727.89,1323.02,404.86,424.52,421.52,434.33,5858.65,58.59,58.59,26829.05,0.302,2.335,1.3,3.2,4.5,"""追踪止损激活ATR倍数（多头）"" set to 5.",,,,,,,,,,,,,,,,,,,,,,,,,,,,,,,,10,3,,5,5,,,,,,,,,
37952.41,379.52,4588.51,11.15,53.25,"41/77",3.596,10000,5884.34,13.99,32068.06,320.68,25782.62,257.83,6285.45,62.85,44422.86,444.23,36089.05,360.89,8333.81,83.34,12354.79,123.55,10306.43,103.06,2048.36,20.48,3.596,3.502,4.069,1762.33,1353.69,408.64,416.47,436.99,349.19,5862.62,58.63,58.63,26205.45,0.297,2.425,1.3,4,5.3,"""ATR追踪止损倍数（空头）"" set to 4.",,,,,,,,,,,,,,,,,,,,,,,,,,,,,,,,10,4,,3,5,,,,,,,,,
35144.86,351.45,3090.09,8.24,51.95,"40/77",3.513,10000,5540.07,13.99,29604.79,296.05,23664.78,236.65,5940.01,59.4,41384.97,413.85,33497.09,334.97,7887.88,78.88,11780.18,117.8,9832.31,98.32,1947.87,19.48,3.513,3.407,4.049,1642.12,1255.57,386.55,384.48,401.1,330,5859.35,58.59,58.59,23745.43,0.29,2.229,1.3,5.1,6.3,"""追踪止损激活ATR倍数（多头）"" set to 4.",,,,,,,,,,,,,,,,,,,,,,,,,,,,,,,,10,4,,4,5,,,,,,,,,
35166.63,351.67,3125.73,8.32,51.95,"40/77",3.53,10000,5528.2,13.95,29638.43,296.38,23698.42,236.98,5940.01,59.4,41352.54,413.53,33464.66,334.65,7887.88,78.88,11714.11,117.14,9766.24,97.66,1947.87,19.48,3.53,3.427,4.049,1650.54,1263.99,386.55,384.91,401.67,330,5866.35,58.66,58.66,23772.08,0.29,2.23,1.3,3.7,5.1,"""追踪止损激活ATR倍数（多头）"" set to 5.",,,,,,,,,,,,,,,,,,,,,,,,,,,,,,,,10,4,,5,5,,,,,,,,,
36987.25,369.87,4861.29,11.92,51.32,"39/76",3.526,10000,5748.12,13.94,31239.13,312.39,25546.99,255.47,5692.15,56.92,43605.36,436.05,35774.18,357.74,7831.19,78.31,12366.23,123.66,10227.19,102.27,2139.04,21.39,3.526,3.498,3.661,1736.43,1342.55,393.89,411.04,433,334.83,5869.02,58.69,58.69,25370.11,0.288,2.238,1.3,4.2,5.5,"""ATR追踪止损倍数（空头）"" set to 5.",,,,,,,,,,,,,,,,,,,,,,,,,,,,,,,,10,5,,3,5,,,,,,,,,
34248.37,342.48,3348.25,9.01,50,"38/76",3.446,10000,5416.67,13.95,28831.7,288.32,23440.18,234.4,5391.52,53.92,40620.83,406.21,33193.23,331.93,7427.6,74.28,11789.13,117.89,9753.05,97.53,2036.08,20.36,3.446,3.403,3.648,1617.82,1245.02,372.8,379.36,397.29,317.15,5865.88,58.66,58.66,22965.82,0.281,2.068,1.2,3.4,4.7,"""追踪止损激活ATR倍数（多头）"" set to 4.",,,,,,,,,,,,,,,,,,,,,,,,,,,,,,,,10,5,,4,5,,,,,,,,,
34302.61,343.03,3387.01,9.09,50,"38/76",3.462,10000,5419.14,13.94,28883.46,288.83,23492.02,234.92,5391.45,53.91,40615.93,406.16,33188.33,331.88,7427.6,74.28,11732.47,117.32,9696.32,96.96,2036.15,20.36,3.462,3.423,3.648,1626.46,1253.58,372.87,380.05,398.17,317.14,5871.89,58.72,58.72,23011.57,0.281,2.07,1.2,4.3,5.6,"""追踪止损激活ATR倍数（多头）"" set to 5.",,,,,,,,,,,,,,,,,,,,,,,,,,,,,,,,10,5,,5,5,,,,,,,,,
35524.85,355.25,5265.87,13.12,49.32,"36/73",3.516,10000,5556.7,13.9,29968.15,299.68,25144.8,251.45,4823.35,48.23,41880.14,418.8,35220.26,352.2,6659.88,66.6,11911.99,119.12,10075.47,100.75,1836.53,18.37,3.516,3.496,3.626,1676.59,1322.07,354.51,410.52,426.18,344.53,5878.86,58.79,58.79,24089.28,0.285,2.189,1.3,4.5,5.8,"""ATR追踪止损倍数（空头）"" set to 6.",,,,,,,,,,,,,,,,,,,,,,,,,,,,,,,,10,6,,3,5,,,,,,,,,
32841.53,328.42,3748.83,10.25,47.95,"35/73",3.432,10000,5233.16,13.91,27608.37,276.08,23059.3,230.59,4549.07,45.49,38961.59,389.62,32668.69,326.69,6292.9,62.93,11353.22,113.53,9609.39,96.09,1743.83,17.44,3.432,3.4,3.609,1560.66,1225.64,335.02,378.2,390.84,324.93,5879.07,58.79,58.79,21729.3,0.277,2.021,1.2,4.2,5.5,"""追踪止损激活ATR倍数（多头）"" set to 4.",,,,,,,,,,,,,,,,,,,,,,,,,,,,,,,,10,6,,4,5,,,,,,,,,
32861.22,328.61,3784.88,10.34,47.95,"35/73",3.448,10000,5230.63,13.9,27630.59,276.31,23081.52,230.82,4549.07,45.49,38919.33,389.19,32626.43,326.26,6292.9,62.93,11288.74,112.89,9544.91,95.45,1743.83,17.44,3.448,3.418,3.609,1568.21,1233.19,335.02,378.5,391.21,324.93,5880.64,58.81,58.81,21749.95,0.277,2.022,1.3,2.9,4.2,"""追踪止损激活ATR倍数（多头）"" set to 5.",,,,,,,,,,,,,,,,,,,,,,,,,,,,,,,,10,6,,5,5,,,,,,,,,
41679.34,416.79,4824.16,11.16,53.25,"41/77",3.738,10000,6315.29,13.92,35364.04,353.64,27083.4,270.83,8280.65,82.81,48279.08,482.79,37873.75,378.74,10405.33,104.05,12915.04,129.15,10790.35,107.9,2124.68,21.25,3.738,3.51,4.897,1847.3,1419.5,427.8,459.27,459.04,460.04,5872.31,58.72,58.72,29491.74,0.309,2.539,1.3,4,5.4,"""ATR追踪止损倍数（多头）"" set to 11.",,,,,,,,,,,,,,,,,,,,,,,,,,,,,,,,11,3,,3,5,,,,,,,,,
38607.87,386.08,3237.66,8.23,51.95,"40/77",3.66,10000,5953.48,13.96,32654.39,326.54,24835.56,248.36,7818.83,78.19,44930.74,449.31,35093.53,350.94,9837.21,98.37,12276.35,122.76,10257.97,102.58,2018.38,20.18,3.66,3.421,4.874,1718.48,1314.02,404.46,424.08,420.94,434.38,5865.8,58.66,58.66,26788.59,0.302,2.337,1.3,4.4,5.6,"""追踪止损激活ATR倍数（多头）"" set to 4.",,,,,,,,,,,,,,,,,,,,,,,,,,,,,,,,11,3,,4,5,,,,,,,,,
38635.02,386.35,3282.06,8.32,51.95,"40/77",3.675,10000,5947.32,13.93,32687.7,326.88,24869.71,248.7,7817.99,78.18,44908.78,449.09,35069.89,350.7,9838.89,98.39,12221.08,122.21,10200.18,102,2020.9,20.21,3.675,3.438,4.869,1727.89,1323.02,404.86,424.52,421.52,434.33,5875.99,58.76,58.76,26811.71,0.302,2.334,1.2,4.1,5.4,"""追踪止损激活ATR倍数（多头）"" set to 5.",,,,,,,,,,,,,,,,,,,,,,,,,,,,,,,,11,3,,5,5,,,,,,,,,
37928.11,379.28,4588.51,11.15,53.25,"41/77",3.596,10000,5860.04,13.93,32068.06,320.68,25782.62,257.83,6285.45,62.85,44422.86,444.23,36089.05,360.89,8333.81,83.34,12354.79,123.55,10306.43,103.06,2048.36,20.48,3.596,3.502,4.069,1762.33,1353.69,408.64,416.47,436.99,349.19,5876.1,58.76,58.76,26191.97,0.297,2.424,1.3,4,5.3,"""ATR追踪止损倍数（空头）"" set to 4.",,,,,,,,,,,,,,,,,,,,,,,,,,,,,,,,11,4,,3,5,,,,,,,,,
35118.63,351.19,3090.09,8.24,51.95,"40/77",3.513,10000,5513.84,13.92,29604.79,296.05,23664.78,236.65,5940.01,59.4,41384.97,413.85,33497.09,334.97,7887.88,78.88,11780.18,117.8,9832.31,98.32,1947.87,19.48,3.513,3.407,4.049,1642.12,1255.57,386.55,384.48,401.1,330,5874.82,58.75,58.75,23729.97,0.29,2.228,1.2,4.5,5.8,"""追踪止损激活ATR倍数（多头）"" set to 4.",,,,,,,,,,,,,,,,,,,,,,,,,,,,,,,,11,4,,4,5,,,,,,,,,
35160.78,351.61,3125.73,8.32,51.95,"40/77",3.53,10000,5522.35,13.93,29638.43,296.38,23698.42,236.98,5940.01,59.4,41352.54,413.53,33464.66,334.65,7887.88,78.88,11714.11,117.14,9766.24,97.66,1947.87,19.48,3.53,3.427,4.049,1650.54,1263.99,386.55,384.91,401.67,330,5869.8,58.7,58.7,23768.63,0.29,2.229,1.2,3.3,4.6,"""追踪止损激活ATR倍数（多头）"" set to 5.",,,,,,,,,,,,,,,,,,,,,,,,,,,,,,,,11,4,,5,5,,,,,,,,,
37007.16,370.07,4861.29,11.92,51.32,"39/76",3.526,10000,5768.03,13.99,31239.13,312.39,25546.99,255.47,5692.15,56.92,43605.36,436.05,35774.18,357.74,7831.19,78.31,12366.23,123.66,10227.19,102.27,2139.04,21.39,3.526,3.498,3.661,1736.43,1342.55,393.89,411.04,433,334.83,5857.73,58.58,58.58,25381.4,0.288,2.238,1.3,3.7,5.1,"""ATR追踪止损倍数（空头）"" set to 5.",,,,,,,,,,,,,,,,,,,,,,,,,,,,,,,,11,5,,3,5,,,,,,,,,
34262.22,342.62,3348.25,9.01,50,"38/76",3.446,10000,5430.51,13.98,28831.7,288.32,23440.18,234.4,5391.52,53.92,40620.83,406.21,33193.23,331.93,7427.6,74.28,11789.13,117.89,9753.05,97.53,2036.08,20.36,3.446,3.403,3.648,1617.82,1245.02,372.8,379.36,397.29,317.15,5857.55,58.58,58.58,22974.15,0.281,2.069,1.3,4.6,5.9,"""追踪止损激活ATR倍数（多头）"" set to 4.",,,,,,,,,,,,,,,,,,,,,,,,,,,,,,,,11,5,,4,5,,,,,,,,,
34335.45,343.35,3387.01,9.09,50,"38/76",3.462,10000,5451.99,14.02,28883.46,288.83,23492.02,234.92,5391.45,53.91,40615.93,406.16,33188.33,331.88,7427.6,74.28,11732.47,117.32,9696.32,96.96,2036.15,20.36,3.462,3.423,3.648,1626.46,1253.58,372.87,380.05,398.17,317.14,5852.17,58.52,58.52,23031.29,0.281,2.071,1.3,4.3,5.6,"""追踪止损激活ATR倍数（多头）"" set to 5.",,,,,,,,,,,,,,,,,,,,,,,,,,,,,,,,11,5,,5,5,,,,,,,,,
35562.53,355.63,5265.87,13.12,49.32,"36/73",3.516,10000,5594.38,14,29968.15,299.68,25144.8,251.45,4823.35,48.23,41880.14,418.8,35220.26,352.2,6659.88,66.6,11911.99,119.12,10075.47,100.75,1836.53,18.37,3.516,3.496,3.626,1676.59,1322.07,354.51,410.52,426.18,344.53,5856.85,58.57,58.57,24111.3,0.285,2.191,1.3,4.7,6,"""ATR追踪止损倍数（空头）"" set to 6.",,,,,,,,,,,,,,,,,,,,,,,,,,,,,,,,11,6,,3,5,,,,,,,,,
32878.79,328.79,3748.83,10.25,47.95,"35/73",3.432,10000,5270.41,14.01,27608.37,276.08,23059.3,230.59,4549.07,45.49,38961.59,389.62,32668.69,326.69,6292.9,62.93,11353.22,113.53,9609.39,96.09,1743.83,17.44,3.432,3.4,3.609,1560.66,1225.64,335.02,378.2,390.84,324.93,5855.96,58.56,58.56,21752.42,0.277,2.022,1.2,3.8,5.1,"""追踪止损激活ATR倍数（多头）"" set to 4.",,,,,,,,,,,,,,,,,,,,,,,,,,,,,,,,11,6,,4,5,,,,,,,,,
32909.55,329.1,3784.88,10.34,47.95,"35/73",3.448,10000,5278.96,14.03,27630.59,276.31,23081.52,230.82,4549.07,45.49,38919.33,389.19,32626.43,326.26,6292.9,62.93,11288.74,112.89,9544.91,95.45,1743.83,17.44,3.448,3.418,3.609,1568.21,1233.19,335.02,378.5,391.21,324.93,5850.66,58.51,58.51,21779.94,0.277,2.023,1.2,3.5,4.8,"""追踪止损激活ATR倍数（多头）"" set to 5.",,,,,,,,,,,,,,,,,,,,,,,,,,,,,,,,11,6,,5,5,,,,,,,,,
