"Total P&L","Total P&L %","Max equity drawdown","Max equity drawdown %","Total trades","Profitable trades","Profitable trades ratio","Profit factor","Initial capital","Open P&L","Open P&L %","Net P&L: All","Net P&L %: All","Net P&L: Long","Net P&L %: Long","Net P&L: Short","Net P&L %: Short","Gross profit: All","Gross profit %: All","Gross profit: Long","Gross profit %: Long","Gross profit: Short","Gross profit %: Short","Gross loss: All","Gross loss %: All","Gross loss: Long","Gross loss %: Long","Gross loss: Short","Gross loss %: Short","Profit factor: All","Profit factor: Long","Profit factor: Short","Commission paid: All","Commission paid: Long","Commission paid: Short","Expected payoff: All","Expected payoff: Long","Expected payoff: Short","Buy & hold return","Buy & hold return %","Buy & hold % gain","Strategy outperformance","Sharpe ratio","Sortino ratio","Total trades: All","Total trades: Long","Total trades: Short","Total open trades: All","Total open trades: Long","Total open trades: Short","Winning trades: All","Winning trades: Long","Winning trades: Short","Losing trades: All","Losing trades: Long","Losing trades: Short","Percent profitable: All","Percent profitable: Long","Percent profitable: Short","Avg P&L: All","Avg P&L %: All","Avg P&L: Long","Avg P&L %: Long","Avg P&L: Short","Avg P&L %: Short","Avg winning trade: All","Avg winning trade %: All","Avg winning trade: Long","Avg winning trade %: Long","Avg winning trade: Short","Avg winning trade %: Short","Avg losing trade: All","Avg losing trade %: All","Avg losing trade: Long","Avg losing trade %: Long","Avg losing trade: Short","Avg losing trade %: Short","Ratio avg win / avg loss: All","Ratio avg win / avg loss: Long","Ratio avg win / avg loss: Short","Largest winning trade: All","Largest winning trade: Long","Largest winning trade: Short","Largest winning trade percent: All","Largest winning trade percent: Long","Largest winning trade percent: Short","Largest winner as % of gross profit: All","Largest winner as % of gross profit: Long","Largest winner as % of gross profit: Short","Largest losing trade: All","Largest losing trade: Long","Largest losing trade: Short","Largest losing trade percent: All","Largest losing trade percent: Long","Largest losing trade percent: Short","Largest loser as % of gross loss: All","Largest loser as % of gross loss: Long","Largest loser as % of gross loss: Short","Avg # bars in trades: All","Avg # bars in trades: Long","Avg # bars in trades: Short","Avg # bars in winning trades: All","Avg # bars in winning trades: Long","Avg # bars in winning trades: Short","Avg # bars in losing trades: All","Avg # bars in losing trades: Long","Avg # bars in losing trades: Short","Annualized return (CAGR): All","Annualized return (CAGR): Long","Annualized return (CAGR): Short","Return on initial capital: All","Return on initial capital: Long","Return on initial capital: Short","Account size required","Return on account size required: All","Return on account size required: Long","Return on account size required: Short","Net profit as % of largest loss: All","Net profit as % of largest loss: Long","Net profit as % of largest loss: Short","Avg margin used: All","Max margin used","Margin efficiency","Margin calls","Avg equity run-up duration (close-to-close)","Avg equity run-up (close-to-close)","Avg equity run-up (close-to-close) %","Max equity run-up (close-to-close)","Max equity run-up (close-to-close) %","Max equity run-up (intrabar)","Max equity run-up (intrabar) %","Max equity run-up as % of initial capital (intrabar)","Avg equity drawdown duration (close-to-close)","Avg equity drawdown (close-to-close)","Avg equity drawdown (close-to-close) %","Max equity drawdown (close-to-close)","Max equity drawdown (close-to-close) %","Max equity drawdown (intrabar)","Max equity drawdown (intrabar) %","Max equity drawdown as % of initial capital (intrabar)","Return of max equity drawdown","_setTime_","_parseTime_","_duration_","comment","__system1_period","__system2_period","__atr_mult_long_trail","__atr_mult_short_trail","__profit_atr_mult_long","__profit_atr_mult_short"
38189.59,381.8959,2333.46,23.3346,96.0,48.96,"47/96",8.8662,10000.0,"","",38189.59,381.8959,36299.4,362.994,1906.82,19.0682,43367.96,433.6796,40269.68,"",3098.28,"",5161.74,51.6174,3970.28,"",1191.46,"",8.8662,10.1428,2.6004,373.25,"","",397.98,490.53,86.67,72829.0,728.29,728.29,-34639.41,1.2587,1.8995,96.0,74.0,22.0,"","","",47.0,35.0,12.0,49.0,39.0,10.0,48.96,47.3,54.55,397.98,"",490.53,"",86.67,"",922.72,27.146,1150.56,"",258.19,"",105.34,3.7108,101.8,"",119.15,"",8.7594,11.3022,2.1669,18899.49,18899.49,1209.56,381.9084,"","",43.58,"","",258.21,258.21,143.72,8.4643,"","",5.0,"","",114.0,134.0,49.0,216.0,"","",16.0,"","",29.99,29.12,2.95,381.8959,362.994,19.0682,"","","","",14790.13,"","","","","",0.0,"",30452.0,304.52,38642.44,387.34,38642.44,387.34,387.34,"23天",738.26,7.3826,2333.46,23.3346,2333.46,23.3346,0.2364,13234.3,"","","","Best result.",55.0,144.0,11.0,4.0,3.0,5.0
38189.59,381.8959,2333.46,23.3346,96.0,48.96,"47/96",8.8662,10000.0,"","",38189.59,381.8959,36299.4,362.994,1906.82,19.0682,43367.96,433.6796,40269.68,"",3098.28,"",5161.74,51.6174,3970.28,"",1191.46,"",8.8662,10.1428,2.6004,373.25,"","",397.98,490.53,86.67,72829.0,728.29,728.29,-34639.41,1.2587,1.8995,96.0,74.0,22.0,"","","",47.0,35.0,12.0,49.0,39.0,10.0,48.96,47.3,54.55,397.98,"",490.53,"",86.67,"",922.72,27.146,1150.56,"",258.19,"",105.34,3.7108,101.8,"",119.15,"",8.7594,11.3022,2.1669,18899.49,18899.49,1209.56,381.9084,"","",43.58,"","",258.21,258.21,143.72,8.4643,"","",5.0,"","",114.0,134.0,49.0,216.0,"","",16.0,"","",29.99,29.12,2.95,381.8959,362.994,19.0682,"","","","",14790.13,"","","","","",0.0,"",30452.0,304.52,38642.44,387.34,38642.44,387.34,387.34,"23天",738.26,7.3826,2333.46,23.3346,2333.46,23.3346,0.2364,13234.3,"","","","Rank 2.",55.0,144.0,11.0,4.0,3.0,5.0
38189.59,381.8959,2333.46,23.3346,96.0,48.96,"47/96",8.8662,10000.0,"","",38189.59,381.8959,36299.4,362.994,1906.82,19.0682,43367.96,433.6796,40269.68,"",3098.28,"",5161.74,51.6174,3970.28,"",1191.46,"",8.8662,10.1428,2.6004,373.25,"","",397.98,490.53,86.67,72829.0,728.29,728.29,-34639.41,1.2587,1.8995,96.0,74.0,22.0,"","","",47.0,35.0,12.0,49.0,39.0,10.0,48.96,47.3,54.55,397.98,"",490.53,"",86.67,"",922.72,27.146,1150.56,"",258.19,"",105.34,3.7108,101.8,"",119.15,"",8.7594,11.3022,2.1669,18899.49,18899.49,1209.56,381.9084,"","",43.58,"","",258.21,258.21,143.72,8.4643,"","",5.0,"","",114.0,134.0,49.0,216.0,"","",16.0,"","",29.99,29.12,2.95,381.8959,362.994,19.0682,"","","","",14790.13,"","","","","",0.0,"",30452.0,304.52,38642.44,387.34,38642.44,387.34,387.34,"23天",738.26,7.3826,2333.46,23.3346,2333.46,23.3346,0.2364,13234.3,"","","","Rank 3.",55.0,144.0,11.0,4.0,3.0,5.0
38007.13,380.0713,2327.87,23.2787,90.0,45.56,"41/90",9.3172,10000.0,"","",38007.13,380.0713,35749.52,357.4952,2273.47,22.7347,43046.63,430.4663,39774.37,"",3272.26,"",5023.64,50.2364,4024.85,"",998.79,"",9.3172,9.8822,3.2762,355.13,"","",422.48,496.52,126.31,72829.0,728.29,728.29,-34821.87,1.258,1.8979,90.0,72.0,18.0,"","","",41.0,34.0,7.0,49.0,38.0,11.0,45.56,47.22,38.89,422.48,"",496.52,"",126.31,"",1049.92,30.453,1169.83,"",467.47,"",102.52,3.6022,105.92,"",90.8,"",10.2411,11.0445,5.1483,18899.49,18899.49,1735.15,381.9084,"","",43.9,"","",258.21,258.21,140.25,8.4643,"","",5.14,"","",129.0,136.0,99.0,260.0,"","",19.0,"","",29.91,28.87,3.48,380.0713,357.4952,22.7347,"","","","",14719.46,"","","","","",0.0,"",30324.0,303.24,38478.61,385.7,38478.61,385.7,385.7,"23天",709.48,7.0948,2327.87,23.2787,2327.87,23.2787,0.2364,13017.97,"","","","Rank 4.",55.0,144.0,11.0,6.0,5.0,4.0
38007.13,380.0713,2327.87,23.2787,90.0,45.56,"41/90",9.3172,10000.0,"","",38007.13,380.0713,35749.52,357.4952,2273.47,22.7347,43046.63,430.4663,39774.37,"",3272.26,"",5023.64,50.2364,4024.85,"",998.79,"",9.3172,9.8822,3.2762,355.13,"","",422.48,496.52,126.31,72829.0,728.29,728.29,-34821.87,1.258,1.8979,90.0,72.0,18.0,"","","",41.0,34.0,7.0,49.0,38.0,11.0,45.56,47.22,38.89,422.48,"",496.52,"",126.31,"",1049.92,30.453,1169.83,"",467.47,"",102.52,3.6022,105.92,"",90.8,"",10.2411,11.0445,5.1483,18899.49,18899.49,1735.15,381.9084,"","",43.9,"","",258.21,258.21,140.25,8.4643,"","",5.14,"","",129.0,136.0,99.0,260.0,"","",19.0,"","",29.91,28.87,3.48,380.0713,357.4952,22.7347,"","","","",14719.46,"","","","","",0.0,"",30324.0,303.24,38478.61,385.7,38478.61,385.7,385.7,"23天",709.48,7.0948,2327.87,23.2787,2327.87,23.2787,0.2364,13017.97,"","","","Rank 5.",55.0,144.0,11.0,6.0,5.0,4.0
38150.44,381.5044,2333.46,23.3346,95.0,46.32,"44/95",8.7656,10000.0,"","",38150.44,381.5044,36299.4,362.994,1867.49,18.6749,43386.12,433.8612,40269.68,"",3116.44,"",5219.23,52.1923,3970.28,"",1248.95,"",8.7656,10.1428,2.4952,370.46,"","",401.76,490.53,88.93,72829.0,728.29,728.29,-34678.56,1.2578,1.8981,95.0,74.0,21.0,"","","",44.0,35.0,9.0,51.0,39.0,12.0,46.32,47.3,42.86,401.76,"",490.53,"",88.93,"",986.05,28.9335,1150.56,"",346.27,"",102.34,3.6034,101.8,"",104.08,"",9.635,11.3022,3.327,18899.49,18899.49,1200.36,381.9084,"","",43.56,"","",258.21,258.21,143.72,8.4643,"","",4.95,"","",120.0,134.0,71.0,237.0,"","",18.0,"","",29.97,29.12,2.9,381.5044,362.994,18.6749,"","","","",14774.97,"","","","","",0.0,"",30445.0,304.45,38612.49,387.04,38612.49,387.04,387.04,"23天",738.66,7.3866,2333.46,23.3346,2333.46,23.3346,0.2364,13234.3,"","","","Rank 6.",55.0,144.0,11.0,5.0,3.0,4.0
38150.44,381.5044,2333.46,23.3346,95.0,46.32,"44/95",8.7656,10000.0,"","",38150.44,381.5044,36299.4,362.994,1867.49,18.6749,43386.12,433.8612,40269.68,"",3116.44,"",5219.23,52.1923,3970.28,"",1248.95,"",8.7656,10.1428,2.4952,370.46,"","",401.76,490.53,88.93,72829.0,728.29,728.29,-34678.56,1.2578,1.8981,95.0,74.0,21.0,"","","",44.0,35.0,9.0,51.0,39.0,12.0,46.32,47.3,42.86,401.76,"",490.53,"",88.93,"",986.05,28.9335,1150.56,"",346.27,"",102.34,3.6034,101.8,"",104.08,"",9.635,11.3022,3.327,18899.49,18899.49,1200.36,381.9084,"","",43.56,"","",258.21,258.21,143.72,8.4643,"","",4.95,"","",120.0,134.0,71.0,237.0,"","",18.0,"","",29.97,29.12,2.9,381.5044,362.994,18.6749,"","","","",14774.97,"","","","","",0.0,"",30445.0,304.45,38612.49,387.04,38612.49,387.04,387.04,"23天",738.66,7.3866,2333.46,23.3346,2333.46,23.3346,0.2364,13234.3,"","","","Rank 7.",55.0,144.0,11.0,5.0,3.0,4.0
38150.44,381.5044,2333.46,23.3346,95.0,46.32,"44/95",8.7656,10000.0,"","",38150.44,381.5044,36299.4,362.994,1867.49,18.6749,43386.12,433.8612,40269.68,"",3116.44,"",5219.23,52.1923,3970.28,"",1248.95,"",8.7656,10.1428,2.4952,370.46,"","",401.76,490.53,88.93,72829.0,728.29,728.29,-34678.56,1.2578,1.8981,95.0,74.0,21.0,"","","",44.0,35.0,9.0,51.0,39.0,12.0,46.32,47.3,42.86,401.76,"",490.53,"",88.93,"",986.05,28.9335,1150.56,"",346.27,"",102.34,3.6034,101.8,"",104.08,"",9.635,11.3022,3.327,18899.49,18899.49,1200.36,381.9084,"","",43.56,"","",258.21,258.21,143.72,8.4643,"","",4.95,"","",120.0,134.0,71.0,237.0,"","",18.0,"","",29.97,29.12,2.9,381.5044,362.994,18.6749,"","","","",14774.97,"","","","","",0.0,"",30445.0,304.45,38612.49,387.04,38612.49,387.04,387.04,"23天",738.66,7.3866,2333.46,23.3346,2333.46,23.3346,0.2364,13234.3,"","","","Rank 8.",55.0,144.0,11.0,5.0,3.0,4.0
38150.44,381.5044,2333.46,23.3346,95.0,46.32,"44/95",8.7656,10000.0,"","",38150.44,381.5044,36299.4,362.994,1867.49,18.6749,43386.12,433.8612,40269.68,"",3116.44,"",5219.23,52.1923,3970.28,"",1248.95,"",8.7656,10.1428,2.4952,370.46,"","",401.76,490.53,88.93,72829.0,728.29,728.29,-34678.56,1.2578,1.8981,95.0,74.0,21.0,"","","",44.0,35.0,9.0,51.0,39.0,12.0,46.32,47.3,42.86,401.76,"",490.53,"",88.93,"",986.05,28.9335,1150.56,"",346.27,"",102.34,3.6034,101.8,"",104.08,"",9.635,11.3022,3.327,18899.49,18899.49,1200.36,381.9084,"","",43.56,"","",258.21,258.21,143.72,8.4643,"","",4.95,"","",120.0,134.0,71.0,237.0,"","",18.0,"","",29.97,29.12,2.9,381.5044,362.994,18.6749,"","","","",14774.97,"","","","","",0.0,"",30445.0,304.45,38612.49,387.04,38612.49,387.04,387.04,"23天",738.66,7.3866,2333.46,23.3346,2333.46,23.3346,0.2364,13234.3,"","","","Rank 9.",55.0,144.0,11.0,5.0,3.0,4.0
38150.44,381.5044,2333.46,23.3346,95.0,46.32,"44/95",8.7656,10000.0,"","",38150.44,381.5044,36299.4,362.994,1867.49,18.6749,43386.12,433.8612,40269.68,"",3116.44,"",5219.23,52.1923,3970.28,"",1248.95,"",8.7656,10.1428,2.4952,370.46,"","",401.76,490.53,88.93,72829.0,728.29,728.29,-34678.56,1.2578,1.8981,95.0,74.0,21.0,"","","",44.0,35.0,9.0,51.0,39.0,12.0,46.32,47.3,42.86,401.76,"",490.53,"",88.93,"",986.05,28.9335,1150.56,"",346.27,"",102.34,3.6034,101.8,"",104.08,"",9.635,11.3022,3.327,18899.49,18899.49,1200.36,381.9084,"","",43.56,"","",258.21,258.21,143.72,8.4643,"","",4.95,"","",120.0,134.0,71.0,237.0,"","",18.0,"","",29.97,29.12,2.9,381.5044,362.994,18.6749,"","","","",14774.97,"","","","","",0.0,"",30445.0,304.45,38612.49,387.04,38612.49,387.04,387.04,"23天",738.66,7.3866,2333.46,23.3346,2333.46,23.3346,0.2364,13234.3,"","","","Rank 10.",55.0,144.0,11.0,5.0,3.0,4.0
38150.44,381.5044,2333.46,23.3346,95.0,46.32,"44/95",8.7656,10000.0,"","",38150.44,381.5044,36299.4,362.994,1867.49,18.6749,43386.12,433.8612,40269.68,"",3116.44,"",5219.23,52.1923,3970.28,"",1248.95,"",8.7656,10.1428,2.4952,370.46,"","",401.76,490.53,88.93,72829.0,728.29,728.29,-34678.56,1.2578,1.8981,95.0,74.0,21.0,"","","",44.0,35.0,9.0,51.0,39.0,12.0,46.32,47.3,42.86,401.76,"",490.53,"",88.93,"",986.05,28.9335,1150.56,"",346.27,"",102.34,3.6034,101.8,"",104.08,"",9.635,11.3022,3.327,18899.49,18899.49,1200.36,381.9084,"","",43.56,"","",258.21,258.21,143.72,8.4643,"","",4.95,"","",120.0,134.0,71.0,237.0,"","",18.0,"","",29.97,29.12,2.9,381.5044,362.994,18.6749,"","","","",14774.97,"","","","","",0.0,"",30445.0,304.45,38612.49,387.04,38612.49,387.04,387.04,"23天",738.66,7.3866,2333.46,23.3346,2333.46,23.3346,0.2364,13234.3,"","","","Rank 11.",55.0,144.0,11.0,5.0,3.0,4.0
38130.99,381.3099,2333.46,23.3346,95.0,45.26,"43/95",8.7435,10000.0,"","",38130.99,381.3099,36299.4,362.994,1848.03,18.4803,43378.12,433.7812,40269.68,"",3108.44,"",5230.69,52.3069,3970.28,"",1260.41,"",8.7435,10.1428,2.4662,370.48,"","",401.55,490.53,88.0,72829.0,728.29,728.29,-34698.01,1.2575,1.8977,95.0,74.0,21.0,"","","",43.0,35.0,8.0,52.0,39.0,13.0,45.26,47.3,38.1,401.55,"",490.53,"",88.0,"",1008.79,29.5972,1150.56,"",388.55,"",100.59,3.5394,101.8,"",96.95,"",10.0287,11.3022,4.0077,18899.49,18899.49,1200.36,381.9084,"","",43.57,"","",258.21,258.21,143.72,8.4643,"","",4.94,"","",120.0,134.0,71.0,241.0,"","",19.0,"","",29.96,29.12,2.87,381.3099,362.994,18.4803,"","","","",14767.43,"","","","","",0.0,"",30443.0,304.43,38593.03,386.84,38593.03,386.84,386.84,"23天",738.8,7.388,2333.46,23.3346,2333.46,23.3346,0.2364,13234.3,"","","","Rank 12.",55.0,144.0,11.0,5.0,3.0,3.0
38130.99,381.3099,2333.46,23.3346,95.0,45.26,"43/95",8.7435,10000.0,"","",38130.99,381.3099,36299.4,362.994,1848.03,18.4803,43378.12,433.7812,40269.68,"",3108.44,"",5230.69,52.3069,3970.28,"",1260.41,"",8.7435,10.1428,2.4662,370.48,"","",401.55,490.53,88.0,72829.0,728.29,728.29,-34698.01,1.2575,1.8977,95.0,74.0,21.0,"","","",43.0,35.0,8.0,52.0,39.0,13.0,45.26,47.3,38.1,401.55,"",490.53,"",88.0,"",1008.79,29.5972,1150.56,"",388.55,"",100.59,3.5394,101.8,"",96.95,"",10.0287,11.3022,4.0077,18899.49,18899.49,1200.36,381.9084,"","",43.57,"","",258.21,258.21,143.72,8.4643,"","",4.94,"","",120.0,134.0,71.0,241.0,"","",19.0,"","",29.96,29.12,2.87,381.3099,362.994,18.4803,"","","","",14767.43,"","","","","",0.0,"",30443.0,304.43,38593.03,386.84,38593.03,386.84,386.84,"23天",738.8,7.388,2333.46,23.3346,2333.46,23.3346,0.2364,13234.3,"","","","Rank 13.",55.0,144.0,11.0,5.0,3.0,3.0
38130.99,381.3099,2333.46,23.3346,95.0,45.26,"43/95",8.7435,10000.0,"","",38130.99,381.3099,36299.4,362.994,1848.03,18.4803,43378.12,433.7812,40269.68,"",3108.44,"",5230.69,52.3069,3970.28,"",1260.41,"",8.7435,10.1428,2.4662,370.48,"","",401.55,490.53,88.0,72829.0,728.29,728.29,-34698.01,1.2575,1.8977,95.0,74.0,21.0,"","","",43.0,35.0,8.0,52.0,39.0,13.0,45.26,47.3,38.1,401.55,"",490.53,"",88.0,"",1008.79,29.5972,1150.56,"",388.55,"",100.59,3.5394,101.8,"",96.95,"",10.0287,11.3022,4.0077,18899.49,18899.49,1200.36,381.9084,"","",43.57,"","",258.21,258.21,143.72,8.4643,"","",4.94,"","",120.0,134.0,71.0,241.0,"","",19.0,"","",29.96,29.12,2.87,381.3099,362.994,18.4803,"","","","",14767.43,"","","","","",0.0,"",30443.0,304.43,38593.03,386.84,38593.03,386.84,386.84,"23天",738.8,7.388,2333.46,23.3346,2333.46,23.3346,0.2364,13234.3,"","","","Rank 14.",55.0,144.0,11.0,5.0,3.0,3.0
36854.61,368.5461,2289.06,22.8906,92.0,45.65,"42/92",8.9316,10000.0,"","",36854.61,368.5461,34719.46,347.1946,2150.86,21.5086,41784.95,417.8495,38694.84,"",3090.11,"",4914.63,49.1463,3975.38,"",939.25,"",8.9316,9.7336,3.29,357.13,"","",400.77,469.18,119.49,72829.0,728.29,728.29,-35974.39,1.2637,1.9055,92.0,74.0,18.0,"","","",42.0,35.0,7.0,50.0,39.0,11.0,45.65,47.3,38.89,400.77,"",469.18,"",119.49,"",994.88,30.1815,1105.57,"",441.44,"",98.29,3.4339,101.93,"",85.39,"",10.1219,10.8464,5.1697,17549.52,17549.52,1606.6,381.9084,"","",42.0,"","",269.3,269.3,132.35,8.4643,"","",5.48,"","",125.0,134.0,90.0,251.0,"","",20.0,"","",29.38,28.38,3.3,368.5461,347.1946,21.5086,"","","","",13685.34,"","","","","",0.0,"",29140.0,291.4,37350.56,374.28,37350.56,374.28,374.28,"19天",697.51,6.9751,2289.06,22.8906,2289.06,22.8906,0.2075,12418.7,"","","","Rank 15.",89.0,144.0,11.0,6.0,3.0,3.0
36854.61,368.5461,2289.06,22.8906,92.0,45.65,"42/92",8.9316,10000.0,"","",36854.61,368.5461,34719.46,347.1946,2150.86,21.5086,41784.95,417.8495,38694.84,"",3090.11,"",4914.63,49.1463,3975.38,"",939.25,"",8.9316,9.7336,3.29,357.13,"","",400.77,469.18,119.49,72829.0,728.29,728.29,-35974.39,1.2637,1.9055,92.0,74.0,18.0,"","","",42.0,35.0,7.0,50.0,39.0,11.0,45.65,47.3,38.89,400.77,"",469.18,"",119.49,"",994.88,30.1815,1105.57,"",441.44,"",98.29,3.4339,101.93,"",85.39,"",10.1219,10.8464,5.1697,17549.52,17549.52,1606.6,381.9084,"","",42.0,"","",269.3,269.3,132.35,8.4643,"","",5.48,"","",125.0,134.0,90.0,251.0,"","",20.0,"","",29.38,28.38,3.3,368.5461,347.1946,21.5086,"","","","",13685.34,"","","","","",0.0,"",29140.0,291.4,37350.56,374.28,37350.56,374.28,374.28,"19天",697.51,6.9751,2289.06,22.8906,2289.06,22.8906,0.2075,12418.7,"","","","Rank 16.",89.0,144.0,11.0,6.0,3.0,3.0
36854.61,368.5461,2289.06,22.8906,92.0,45.65,"42/92",8.9316,10000.0,"","",36854.61,368.5461,34719.46,347.1946,2150.86,21.5086,41784.95,417.8495,38694.84,"",3090.11,"",4914.63,49.1463,3975.38,"",939.25,"",8.9316,9.7336,3.29,357.13,"","",400.77,469.18,119.49,72829.0,728.29,728.29,-35974.39,1.2637,1.9055,92.0,74.0,18.0,"","","",42.0,35.0,7.0,50.0,39.0,11.0,45.65,47.3,38.89,400.77,"",469.18,"",119.49,"",994.88,30.1815,1105.57,"",441.44,"",98.29,3.4339,101.93,"",85.39,"",10.1219,10.8464,5.1697,17549.52,17549.52,1606.6,381.9084,"","",42.0,"","",269.3,269.3,132.35,8.4643,"","",5.48,"","",125.0,134.0,90.0,251.0,"","",20.0,"","",29.38,28.38,3.3,368.5461,347.1946,21.5086,"","","","",13685.34,"","","","","",0.0,"",29140.0,291.4,37350.56,374.28,37350.56,374.28,374.28,"19天",697.51,6.9751,2289.06,22.8906,2289.06,22.8906,0.2075,12418.7,"","","","Rank 17.",89.0,144.0,11.0,6.0,3.0,3.0
36854.61,368.5461,2289.06,22.8906,92.0,45.65,"42/92",8.9316,10000.0,"","",36854.61,368.5461,34719.46,347.1946,2150.86,21.5086,41784.95,417.8495,38694.84,"",3090.11,"",4914.63,49.1463,3975.38,"",939.25,"",8.9316,9.7336,3.29,357.13,"","",400.77,469.18,119.49,72829.0,728.29,728.29,-35974.39,1.2637,1.9055,92.0,74.0,18.0,"","","",42.0,35.0,7.0,50.0,39.0,11.0,45.65,47.3,38.89,400.77,"",469.18,"",119.49,"",994.88,30.1815,1105.57,"",441.44,"",98.29,3.4339,101.93,"",85.39,"",10.1219,10.8464,5.1697,17549.52,17549.52,1606.6,381.9084,"","",42.0,"","",269.3,269.3,132.35,8.4643,"","",5.48,"","",125.0,134.0,90.0,251.0,"","",20.0,"","",29.38,28.38,3.3,368.5461,347.1946,21.5086,"","","","",13685.34,"","","","","",0.0,"",29140.0,291.4,37350.56,374.28,37350.56,374.28,374.28,"19天",697.51,6.9751,2289.06,22.8906,2289.06,22.8906,0.2075,12418.7,"","","","Rank 18.",89.0,144.0,11.0,6.0,3.0,3.0
36854.61,368.5461,2289.06,22.8906,92.0,45.65,"42/92",8.9316,10000.0,"","",36854.61,368.5461,34719.46,347.1946,2150.86,21.5086,41784.95,417.8495,38694.84,"",3090.11,"",4914.63,49.1463,3975.38,"",939.25,"",8.9316,9.7336,3.29,357.13,"","",400.77,469.18,119.49,72829.0,728.29,728.29,-35974.39,1.2637,1.9055,92.0,74.0,18.0,"","","",42.0,35.0,7.0,50.0,39.0,11.0,45.65,47.3,38.89,400.77,"",469.18,"",119.49,"",994.88,30.1815,1105.57,"",441.44,"",98.29,3.4339,101.93,"",85.39,"",10.1219,10.8464,5.1697,17549.52,17549.52,1606.6,381.9084,"","",42.0,"","",269.3,269.3,132.35,8.4643,"","",5.48,"","",125.0,134.0,90.0,251.0,"","",20.0,"","",29.38,28.38,3.3,368.5461,347.1946,21.5086,"","","","",13685.34,"","","","","",0.0,"",29140.0,291.4,37350.56,374.28,37350.56,374.28,374.28,"19天",697.51,6.9751,2289.06,22.8906,2289.06,22.8906,0.2075,12418.7,"","","","Rank 19.",89.0,144.0,11.0,6.0,3.0,4.0
36854.61,368.5461,2289.06,22.8906,92.0,45.65,"42/92",8.9316,10000.0,"","",36854.61,368.5461,34719.46,347.1946,2150.86,21.5086,41784.95,417.8495,38694.84,"",3090.11,"",4914.63,49.1463,3975.38,"",939.25,"",8.9316,9.7336,3.29,357.13,"","",400.77,469.18,119.49,72829.0,728.29,728.29,-35974.39,1.2637,1.9055,92.0,74.0,18.0,"","","",42.0,35.0,7.0,50.0,39.0,11.0,45.65,47.3,38.89,400.77,"",469.18,"",119.49,"",994.88,30.1815,1105.57,"",441.44,"",98.29,3.4339,101.93,"",85.39,"",10.1219,10.8464,5.1697,17549.52,17549.52,1606.6,381.9084,"","",42.0,"","",269.3,269.3,132.35,8.4643,"","",5.48,"","",125.0,134.0,90.0,251.0,"","",20.0,"","",29.38,28.38,3.3,368.5461,347.1946,21.5086,"","","","",13685.34,"","","","","",0.0,"",29140.0,291.4,37350.56,374.28,37350.56,374.28,374.28,"19天",697.51,6.9751,2289.06,22.8906,2289.06,22.8906,0.2075,12418.7,"","","","Rank 20.",89.0,144.0,11.0,6.0,3.0,4.0
36854.61,368.5461,2289.06,22.8906,92.0,45.65,"42/92",8.9316,10000.0,"","",36854.61,368.5461,34719.46,347.1946,2150.86,21.5086,41784.95,417.8495,38694.84,"",3090.11,"",4914.63,49.1463,3975.38,"",939.25,"",8.9316,9.7336,3.29,357.13,"","",400.77,469.18,119.49,72829.0,728.29,728.29,-35974.39,1.2637,1.9055,92.0,74.0,18.0,"","","",42.0,35.0,7.0,50.0,39.0,11.0,45.65,47.3,38.89,400.77,"",469.18,"",119.49,"",994.88,30.1815,1105.57,"",441.44,"",98.29,3.4339,101.93,"",85.39,"",10.1219,10.8464,5.1697,17549.52,17549.52,1606.6,381.9084,"","",42.0,"","",269.3,269.3,132.35,8.4643,"","",5.48,"","",125.0,134.0,90.0,251.0,"","",20.0,"","",29.38,28.38,3.3,368.5461,347.1946,21.5086,"","","","",13685.34,"","","","","",0.0,"",29140.0,291.4,37350.56,374.28,37350.56,374.28,374.28,"19天",697.51,6.9751,2289.06,22.8906,2289.06,22.8906,0.2075,12418.7,"","","","Rank 21.",89.0,144.0,11.0,6.0,3.0,4.0
36854.61,368.5461,2289.06,22.8906,92.0,45.65,"42/92",8.9316,10000.0,"","",36854.61,368.5461,34719.46,347.1946,2150.86,21.5086,41784.95,417.8495,38694.84,"",3090.11,"",4914.63,49.1463,3975.38,"",939.25,"",8.9316,9.7336,3.29,357.13,"","",400.77,469.18,119.49,72829.0,728.29,728.29,-35974.39,1.2637,1.9055,92.0,74.0,18.0,"","","",42.0,35.0,7.0,50.0,39.0,11.0,45.65,47.3,38.89,400.77,"",469.18,"",119.49,"",994.88,30.1815,1105.57,"",441.44,"",98.29,3.4339,101.93,"",85.39,"",10.1219,10.8464,5.1697,17549.52,17549.52,1606.6,381.9084,"","",42.0,"","",269.3,269.3,132.35,8.4643,"","",5.48,"","",125.0,134.0,90.0,251.0,"","",20.0,"","",29.38,28.38,3.3,368.5461,347.1946,21.5086,"","","","",13685.34,"","","","","",0.0,"",29140.0,291.4,37350.56,374.28,37350.56,374.28,374.28,"19天",697.51,6.9751,2289.06,22.8906,2289.06,22.8906,0.2075,12418.7,"","","","Rank 22.",89.0,144.0,11.0,6.0,3.0,4.0
36854.61,368.5461,2289.06,22.8906,92.0,45.65,"42/92",8.9316,10000.0,"","",36854.61,368.5461,34719.46,347.1946,2150.86,21.5086,41784.95,417.8495,38694.84,"",3090.11,"",4914.63,49.1463,3975.38,"",939.25,"",8.9316,9.7336,3.29,357.13,"","",400.77,469.18,119.49,72829.0,728.29,728.29,-35974.39,1.2637,1.9055,92.0,74.0,18.0,"","","",42.0,35.0,7.0,50.0,39.0,11.0,45.65,47.3,38.89,400.77,"",469.18,"",119.49,"",994.88,30.1815,1105.57,"",441.44,"",98.29,3.4339,101.93,"",85.39,"",10.1219,10.8464,5.1697,17549.52,17549.52,1606.6,381.9084,"","",42.0,"","",269.3,269.3,132.35,8.4643,"","",5.48,"","",125.0,134.0,90.0,251.0,"","",20.0,"","",29.38,28.38,3.3,368.5461,347.1946,21.5086,"","","","",13685.34,"","","","","",0.0,"",29140.0,291.4,37350.56,374.28,37350.56,374.28,374.28,"19天",697.51,6.9751,2289.06,22.8906,2289.06,22.8906,0.2075,12418.7,"","","","Rank 23.",89.0,144.0,11.0,6.0,3.0,4.0
37966.79,379.6679,2329.1,23.291,95.0,49.47,"47/95",8.863,10000.0,"","",37966.79,379.6679,35976.35,359.7635,2007.02,20.0702,43201.77,432.0177,40003.29,"",3198.48,"",5218.4,52.184,4026.94,"",1191.46,"",8.863,9.9339,2.6845,372.99,"","",399.82,499.67,87.26,72829.0,728.29,728.29,-34862.21,1.2574,1.8972,95.0,72.0,23.0,"","","",47.0,34.0,13.0,48.0,38.0,10.0,49.47,47.22,56.52,399.82,"",499.67,"",87.26,"",919.19,27.0359,1176.57,"",246.04,"",108.72,3.8529,105.97,"",119.15,"",8.4547,11.1029,2.065,18899.49,18899.49,778.36,381.9084,"","",43.75,"","",258.21,258.21,143.72,8.4643,"","",4.95,"","",112.0,136.0,36.0,210.0,"","",16.0,"","",29.89,28.97,3.1,379.6679,359.7635,20.0702,"","","","",14703.84,"","","","","",0.0,"",30328.0,303.28,38440.8,385.32,38440.8,385.32,385.32,"21天",733.61,7.3361,2329.1,23.291,2329.1,23.291,0.2364,13146.68,"","","","Rank 24.",55.0,144.0,11.0,3.0,4.0,3.0
37966.79,379.6679,2329.1,23.291,95.0,49.47,"47/95",8.863,10000.0,"","",37966.79,379.6679,35976.35,359.7635,2007.02,20.0702,43201.77,432.0177,40003.29,"",3198.48,"",5218.4,52.184,4026.94,"",1191.46,"",8.863,9.9339,2.6845,372.99,"","",399.82,499.67,87.26,72829.0,728.29,728.29,-34862.21,1.2574,1.8972,95.0,72.0,23.0,"","","",47.0,34.0,13.0,48.0,38.0,10.0,49.47,47.22,56.52,399.82,"",499.67,"",87.26,"",919.19,27.0359,1176.57,"",246.04,"",108.72,3.8529,105.97,"",119.15,"",8.4547,11.1029,2.065,18899.49,18899.49,778.36,381.9084,"","",43.75,"","",258.21,258.21,143.72,8.4643,"","",4.95,"","",112.0,136.0,36.0,210.0,"","",16.0,"","",29.89,28.97,3.1,379.6679,359.7635,20.0702,"","","","",14703.84,"","","","","",0.0,"",30328.0,303.28,38440.8,385.32,38440.8,385.32,385.32,"21天",733.61,7.3361,2329.1,23.291,2329.1,23.291,0.2364,13146.68,"","","","Rank 25.",55.0,144.0,11.0,3.0,4.0,3.0
38039.8,380.398,2333.46,23.3346,96.0,47.92,"46/96",8.7478,10000.0,"","",38039.8,380.398,36299.4,362.994,1757.03,17.5703,43272.82,432.7282,40269.68,"",3003.14,"",5216.39,52.1639,3970.28,"",1246.11,"",8.7478,10.1428,2.41,373.34,"","",396.42,490.53,79.86,72829.0,728.29,728.29,-34789.2,1.2563,1.8959,96.0,74.0,22.0,"","","",46.0,35.0,11.0,50.0,39.0,11.0,47.92,47.3,50.0,396.42,"",490.53,"",79.86,"",940.71,27.6482,1150.56,"",273.01,"",104.33,3.6754,101.8,"",113.28,"",9.0167,11.3022,2.41,18899.49,18899.49,1209.56,381.9084,"","",43.68,"","",258.21,258.21,143.72,8.4643,"","",4.95,"","",114.0,134.0,49.0,219.0,"","",18.0,"","",29.92,29.12,2.74,380.398,362.994,17.5703,"","","","",14732.12,"","","","","",0.0,"",30351.0,303.51,38492.65,385.84,38492.65,385.84,385.84,"23天",748.36,7.4836,2333.46,23.3346,2333.46,23.3346,0.2364,13234.3,"","","","Rank 26.",55.0,144.0,11.0,4.0,3.0,3.0
38039.8,380.398,2333.46,23.3346,96.0,47.92,"46/96",8.7478,10000.0,"","",38039.8,380.398,36299.4,362.994,1757.03,17.5703,43272.82,432.7282,40269.68,"",3003.14,"",5216.39,52.1639,3970.28,"",1246.11,"",8.7478,10.1428,2.41,373.34,"","",396.42,490.53,79.86,72829.0,728.29,728.29,-34789.2,1.2563,1.8959,96.0,74.0,22.0,"","","",46.0,35.0,11.0,50.0,39.0,11.0,47.92,47.3,50.0,396.42,"",490.53,"",79.86,"",940.71,27.6482,1150.56,"",273.01,"",104.33,3.6754,101.8,"",113.28,"",9.0167,11.3022,2.41,18899.49,18899.49,1209.56,381.9084,"","",43.68,"","",258.21,258.21,143.72,8.4643,"","",4.95,"","",114.0,134.0,49.0,219.0,"","",18.0,"","",29.92,29.12,2.74,380.398,362.994,17.5703,"","","","",14732.12,"","","","","",0.0,"",30351.0,303.51,38492.65,385.84,38492.65,385.84,385.84,"23天",748.36,7.4836,2333.46,23.3346,2333.46,23.3346,0.2364,13234.3,"","","","Rank 27.",55.0,144.0,11.0,4.0,3.0,4.0
38039.8,380.398,2333.46,23.3346,96.0,47.92,"46/96",8.7478,10000.0,"","",38039.8,380.398,36299.4,362.994,1757.03,17.5703,43272.82,432.7282,40269.68,"",3003.14,"",5216.39,52.1639,3970.28,"",1246.11,"",8.7478,10.1428,2.41,373.34,"","",396.42,490.53,79.86,72829.0,728.29,728.29,-34789.2,1.2563,1.8959,96.0,74.0,22.0,"","","",46.0,35.0,11.0,50.0,39.0,11.0,47.92,47.3,50.0,396.42,"",490.53,"",79.86,"",940.71,27.6482,1150.56,"",273.01,"",104.33,3.6754,101.8,"",113.28,"",9.0167,11.3022,2.41,18899.49,18899.49,1209.56,381.9084,"","",43.68,"","",258.21,258.21,143.72,8.4643,"","",4.95,"","",114.0,134.0,49.0,219.0,"","",18.0,"","",29.92,29.12,2.74,380.398,362.994,17.5703,"","","","",14732.12,"","","","","",0.0,"",30351.0,303.51,38492.65,385.84,38492.65,385.84,385.84,"23天",748.36,7.4836,2333.46,23.3346,2333.46,23.3346,0.2364,13234.3,"","","","Rank 28.",55.0,144.0,11.0,4.0,3.0,4.0
37866.67,378.6667,2329.1,23.291,94.0,48.94,"46/94",8.8423,10000.0,"","",37866.67,378.6667,35976.35,359.7635,1906.82,19.0682,43101.57,431.0157,40003.29,"",3098.28,"",5218.4,52.184,4026.94,"",1191.46,"",8.8423,9.9339,2.6004,368.16,"","",403.01,499.67,86.67,72829.0,728.29,728.29,-34962.33,1.2556,1.8944,94.0,72.0,22.0,"","","",46.0,34.0,12.0,48.0,38.0,10.0,48.94,47.22,54.55,403.01,"",499.67,"",86.67,"",936.99,27.4399,1176.57,"",258.19,"",108.72,3.8529,105.97,"",119.15,"",8.6184,11.1029,2.1669,18899.49,18899.49,1209.56,381.9084,"","",43.85,"","",258.21,258.21,143.72,8.4643,"","",4.95,"","",116.0,136.0,49.0,220.0,"","",16.0,"","",29.84,28.97,2.95,378.6667,359.7635,19.0682,"","","","",14665.07,"","","","","",0.0,"",30223.0,302.23,38319.53,384.1,38319.53,384.1,384.1,"23天",743.62,7.4362,2329.1,23.291,2329.1,23.291,0.2364,13146.68,"","","","Rank 29.",55.0,144.0,11.0,4.0,4.0,5.0
37866.67,378.6667,2329.1,23.291,94.0,48.94,"46/94",8.8423,10000.0,"","",37866.67,378.6667,35976.35,359.7635,1906.82,19.0682,43101.57,431.0157,40003.29,"",3098.28,"",5218.4,52.184,4026.94,"",1191.46,"",8.8423,9.9339,2.6004,368.16,"","",403.01,499.67,86.67,72829.0,728.29,728.29,-34962.33,1.2556,1.8944,94.0,72.0,22.0,"","","",46.0,34.0,12.0,48.0,38.0,10.0,48.94,47.22,54.55,403.01,"",499.67,"",86.67,"",936.99,27.4399,1176.57,"",258.19,"",108.72,3.8529,105.97,"",119.15,"",8.6184,11.1029,2.1669,18899.49,18899.49,1209.56,381.9084,"","",43.85,"","",258.21,258.21,143.72,8.4643,"","",4.95,"","",116.0,136.0,49.0,220.0,"","",16.0,"","",29.84,28.97,2.95,378.6667,359.7635,19.0682,"","","","",14665.07,"","","","","",0.0,"",30223.0,302.23,38319.53,384.1,38319.53,384.1,384.1,"23天",743.62,7.4362,2329.1,23.291,2329.1,23.291,0.2364,13146.68,"","","","Rank 30.",55.0,144.0,11.0,4.0,4.0,5.0
37808.07,378.0807,2329.1,23.291,93.0,45.16,"42/93",8.7192,10000.0,"","",37808.07,378.0807,35976.35,359.7635,1848.03,18.4803,43111.73,431.1173,40003.29,"",3108.44,"",5287.35,52.8735,4026.94,"",1260.41,"",8.7192,9.9339,2.4662,365.38,"","",406.72,499.67,88.0,72829.0,728.29,728.29,-35020.93,1.2544,1.8926,93.0,72.0,21.0,"","","",42.0,34.0,8.0,51.0,38.0,13.0,45.16,47.22,38.1,406.72,"",499.67,"",88.0,"",1026.47,29.9775,1176.57,"",388.55,"",103.67,3.6698,105.97,"",96.95,"",9.9013,11.1029,4.0077,18899.49,18899.49,1200.36,381.9084,"","",43.84,"","",258.21,258.21,143.72,8.4643,"","",4.88,"","",121.0,136.0,71.0,246.0,"","",19.0,"","",29.82,28.97,2.87,378.0807,359.7635,18.4803,"","","","",14642.37,"","","","","",0.0,"",30214.0,302.14,38270.12,383.61,38270.12,383.61,383.61,"23天",744.16,7.4416,2329.1,23.291,2329.1,23.291,0.2364,13146.68,"","","","Rank 31.",55.0,144.0,11.0,5.0,4.0,3.0
37808.07,378.0807,2329.1,23.291,93.0,45.16,"42/93",8.7192,10000.0,"","",37808.07,378.0807,35976.35,359.7635,1848.03,18.4803,43111.73,431.1173,40003.29,"",3108.44,"",5287.35,52.8735,4026.94,"",1260.41,"",8.7192,9.9339,2.4662,365.38,"","",406.72,499.67,88.0,72829.0,728.29,728.29,-35020.93,1.2544,1.8926,93.0,72.0,21.0,"","","",42.0,34.0,8.0,51.0,38.0,13.0,45.16,47.22,38.1,406.72,"",499.67,"",88.0,"",1026.47,29.9775,1176.57,"",388.55,"",103.67,3.6698,105.97,"",96.95,"",9.9013,11.1029,4.0077,18899.49,18899.49,1200.36,381.9084,"","",43.84,"","",258.21,258.21,143.72,8.4643,"","",4.88,"","",121.0,136.0,71.0,246.0,"","",19.0,"","",29.82,28.97,2.87,378.0807,359.7635,18.4803,"","","","",14642.37,"","","","","",0.0,"",30214.0,302.14,38270.12,383.61,38270.12,383.61,383.61,"23天",744.16,7.4416,2329.1,23.291,2329.1,23.291,0.2364,13146.68,"","","","Rank 32.",55.0,144.0,11.0,5.0,4.0,3.0
37808.07,378.0807,2329.1,23.291,93.0,45.16,"42/93",8.7192,10000.0,"","",37808.07,378.0807,35976.35,359.7635,1848.03,18.4803,43111.73,431.1173,40003.29,"",3108.44,"",5287.35,52.8735,4026.94,"",1260.41,"",8.7192,9.9339,2.4662,365.38,"","",406.72,499.67,88.0,72829.0,728.29,728.29,-35020.93,1.2544,1.8926,93.0,72.0,21.0,"","","",42.0,34.0,8.0,51.0,38.0,13.0,45.16,47.22,38.1,406.72,"",499.67,"",88.0,"",1026.47,29.9775,1176.57,"",388.55,"",103.67,3.6698,105.97,"",96.95,"",9.9013,11.1029,4.0077,18899.49,18899.49,1200.36,381.9084,"","",43.84,"","",258.21,258.21,143.72,8.4643,"","",4.88,"","",121.0,136.0,71.0,246.0,"","",19.0,"","",29.82,28.97,2.87,378.0807,359.7635,18.4803,"","","","",14642.37,"","","","","",0.0,"",30214.0,302.14,38270.12,383.61,38270.12,383.61,383.61,"23天",744.16,7.4416,2329.1,23.291,2329.1,23.291,0.2364,13146.68,"","","","Rank 33.",55.0,144.0,11.0,5.0,4.0,3.0
37808.07,378.0807,2329.1,23.291,93.0,45.16,"42/93",8.7192,10000.0,"","",37808.07,378.0807,35976.35,359.7635,1848.03,18.4803,43111.73,431.1173,40003.29,"",3108.44,"",5287.35,52.8735,4026.94,"",1260.41,"",8.7192,9.9339,2.4662,365.38,"","",406.72,499.67,88.0,72829.0,728.29,728.29,-35020.93,1.2544,1.8926,93.0,72.0,21.0,"","","",42.0,34.0,8.0,51.0,38.0,13.0,45.16,47.22,38.1,406.72,"",499.67,"",88.0,"",1026.47,29.9775,1176.57,"",388.55,"",103.67,3.6698,105.97,"",96.95,"",9.9013,11.1029,4.0077,18899.49,18899.49,1200.36,381.9084,"","",43.84,"","",258.21,258.21,143.72,8.4643,"","",4.88,"","",121.0,136.0,71.0,246.0,"","",19.0,"","",29.82,28.97,2.87,378.0807,359.7635,18.4803,"","","","",14642.37,"","","","","",0.0,"",30214.0,302.14,38270.12,383.61,38270.12,383.61,383.61,"23天",744.16,7.4416,2329.1,23.291,2329.1,23.291,0.2364,13146.68,"","","","Rank 34.",55.0,144.0,11.0,5.0,4.0,3.0
37808.07,378.0807,2329.1,23.291,93.0,45.16,"42/93",8.7192,10000.0,"","",37808.07,378.0807,35976.35,359.7635,1848.03,18.4803,43111.73,431.1173,40003.29,"",3108.44,"",5287.35,52.8735,4026.94,"",1260.41,"",8.7192,9.9339,2.4662,365.38,"","",406.72,499.67,88.0,72829.0,728.29,728.29,-35020.93,1.2544,1.8926,93.0,72.0,21.0,"","","",42.0,34.0,8.0,51.0,38.0,13.0,45.16,47.22,38.1,406.72,"",499.67,"",88.0,"",1026.47,29.9775,1176.57,"",388.55,"",103.67,3.6698,105.97,"",96.95,"",9.9013,11.1029,4.0077,18899.49,18899.49,1200.36,381.9084,"","",43.84,"","",258.21,258.21,143.72,8.4643,"","",4.88,"","",121.0,136.0,71.0,246.0,"","",19.0,"","",29.82,28.97,2.87,378.0807,359.7635,18.4803,"","","","",14642.37,"","","","","",0.0,"",30214.0,302.14,38270.12,383.61,38270.12,383.61,383.61,"23天",744.16,7.4416,2329.1,23.291,2329.1,23.291,0.2364,13146.68,"","","","Rank 35.",55.0,144.0,11.0,5.0,4.0,3.0
37808.07,378.0807,2329.1,23.291,93.0,45.16,"42/93",8.7192,10000.0,"","",37808.07,378.0807,35976.35,359.7635,1848.03,18.4803,43111.73,431.1173,40003.29,"",3108.44,"",5287.35,52.8735,4026.94,"",1260.41,"",8.7192,9.9339,2.4662,365.38,"","",406.72,499.67,88.0,72829.0,728.29,728.29,-35020.93,1.2544,1.8926,93.0,72.0,21.0,"","","",42.0,34.0,8.0,51.0,38.0,13.0,45.16,47.22,38.1,406.72,"",499.67,"",88.0,"",1026.47,29.9775,1176.57,"",388.55,"",103.67,3.6698,105.97,"",96.95,"",9.9013,11.1029,4.0077,18899.49,18899.49,1200.36,381.9084,"","",43.84,"","",258.21,258.21,143.72,8.4643,"","",4.88,"","",121.0,136.0,71.0,246.0,"","",19.0,"","",29.82,28.97,2.87,378.0807,359.7635,18.4803,"","","","",14642.37,"","","","","",0.0,"",30214.0,302.14,38270.12,383.61,38270.12,383.61,383.61,"23天",744.16,7.4416,2329.1,23.291,2329.1,23.291,0.2364,13146.68,"","","","Rank 36.",55.0,144.0,11.0,5.0,4.0,3.0
37808.07,378.0807,2329.1,23.291,93.0,45.16,"42/93",8.7192,10000.0,"","",37808.07,378.0807,35976.35,359.7635,1848.03,18.4803,43111.73,431.1173,40003.29,"",3108.44,"",5287.35,52.8735,4026.94,"",1260.41,"",8.7192,9.9339,2.4662,365.38,"","",406.72,499.67,88.0,72829.0,728.29,728.29,-35020.93,1.2544,1.8926,93.0,72.0,21.0,"","","",42.0,34.0,8.0,51.0,38.0,13.0,45.16,47.22,38.1,406.72,"",499.67,"",88.0,"",1026.47,29.9775,1176.57,"",388.55,"",103.67,3.6698,105.97,"",96.95,"",9.9013,11.1029,4.0077,18899.49,18899.49,1200.36,381.9084,"","",43.84,"","",258.21,258.21,143.72,8.4643,"","",4.88,"","",121.0,136.0,71.0,246.0,"","",19.0,"","",29.82,28.97,2.87,378.0807,359.7635,18.4803,"","","","",14642.37,"","","","","",0.0,"",30214.0,302.14,38270.12,383.61,38270.12,383.61,383.61,"23天",744.16,7.4416,2329.1,23.291,2329.1,23.291,0.2364,13146.68,"","","","Rank 37.",55.0,144.0,11.0,5.0,4.0,3.0
37716.88,377.1688,2329.1,23.291,94.0,47.87,"45/94",8.7234,10000.0,"","",37716.88,377.1688,35976.35,359.7635,1757.03,17.5703,43006.43,430.0643,40003.29,"",3003.14,"",5273.05,52.7305,4026.94,"",1246.11,"",8.7234,9.9339,2.41,368.25,"","",401.42,499.67,79.86,72829.0,728.29,728.29,-35112.12,1.2532,1.8908,94.0,72.0,22.0,"","","",45.0,34.0,11.0,49.0,38.0,11.0,47.87,47.22,50.0,401.42,"",499.67,"",79.86,"",955.7,27.9598,1176.57,"",273.01,"",107.61,3.8139,105.97,"",113.28,"",8.8811,11.1029,2.41,18899.49,18899.49,1209.56,381.9084,"","",43.95,"","",258.21,258.21,143.72,8.4643,"","",4.9,"","",116.0,136.0,49.0,223.0,"","",17.0,"","",29.77,28.97,2.74,377.1688,359.7635,17.5703,"","","","",14607.06,"","","","","",0.0,"",30122.0,301.22,38169.73,382.6,38169.73,382.6,382.6,"24天",753.72,7.5372,2329.1,23.291,2329.1,23.291,0.2364,13146.68,"","","","Rank 38.",55.0,144.0,11.0,4.0,4.0,3.0
37716.88,377.1688,2329.1,23.291,94.0,47.87,"45/94",8.7234,10000.0,"","",37716.88,377.1688,35976.35,359.7635,1757.03,17.5703,43006.43,430.0643,40003.29,"",3003.14,"",5273.05,52.7305,4026.94,"",1246.11,"",8.7234,9.9339,2.41,368.25,"","",401.42,499.67,79.86,72829.0,728.29,728.29,-35112.12,1.2532,1.8908,94.0,72.0,22.0,"","","",45.0,34.0,11.0,49.0,38.0,11.0,47.87,47.22,50.0,401.42,"",499.67,"",79.86,"",955.7,27.9598,1176.57,"",273.01,"",107.61,3.8139,105.97,"",113.28,"",8.8811,11.1029,2.41,18899.49,18899.49,1209.56,381.9084,"","",43.95,"","",258.21,258.21,143.72,8.4643,"","",4.9,"","",116.0,136.0,49.0,223.0,"","",17.0,"","",29.77,28.97,2.74,377.1688,359.7635,17.5703,"","","","",14607.06,"","","","","",0.0,"",30122.0,301.22,38169.73,382.6,38169.73,382.6,382.6,"24天",753.72,7.5372,2329.1,23.291,2329.1,23.291,0.2364,13146.68,"","","","Rank 39.",55.0,144.0,11.0,4.0,4.0,3.0
36524.83,365.2483,2289.06,22.8906,95.0,46.32,"44/95",8.4699,10000.0,"","",36524.83,365.2483,34719.46,347.1946,1821.54,18.2154,41698.42,416.9842,38694.84,"",3003.58,"",5157.42,51.5742,3975.38,"",1182.04,"",8.4699,9.7336,2.541,367.54,"","",384.64,469.18,86.74,72829.0,728.29,728.29,-36304.17,1.2582,1.897,95.0,74.0,21.0,"","","",44.0,35.0,9.0,51.0,39.0,12.0,46.32,47.3,42.86,384.64,"",469.18,"",86.74,"",947.69,28.8366,1105.57,"",333.73,"",101.13,3.53,101.93,"",98.5,"",9.371,10.8464,3.3881,17549.52,17549.52,1184.87,381.9084,"","",42.09,"","",269.3,269.3,138.26,8.4643,"","",5.22,"","",120.0,134.0,70.0,237.0,"","",18.0,"","",29.23,28.38,2.83,365.2483,347.1946,18.2154,"","","","",13562.88,"","","","","",0.0,"",28866.0,288.66,36967.5,370.44,36967.5,370.44,370.44,"20天",726.08,7.2608,2289.06,22.8906,2289.06,22.8906,0.2075,12418.7,"","","","Rank 40.",89.0,144.0,11.0,5.0,3.0,3.0
37600.69,376.0069,2327.87,23.2787,93.0,46.24,"43/93",8.8008,10000.0,"","",37600.69,376.0069,35749.52,357.4952,1867.49,18.6749,42890.81,428.9081,39774.37,"",3116.44,"",5273.8,52.738,4024.85,"",1248.95,"",8.8008,9.8822,2.4952,365.76,"","",404.48,496.52,88.93,72829.0,728.29,728.29,-35228.31,1.2518,1.8884,93.0,72.0,21.0,"","","",43.0,34.0,9.0,50.0,38.0,12.0,46.24,47.22,42.86,404.48,"",496.52,"",88.93,"",997.46,29.0772,1169.83,"",346.27,"",105.48,3.6968,105.92,"",104.08,"",9.4564,11.0445,3.327,18899.49,18899.49,1200.36,381.9084,"","",44.06,"","",258.21,258.21,143.72,8.4643,"","",4.9,"","",121.0,136.0,71.0,242.0,"","",17.0,"","",29.72,28.87,2.9,376.0069,357.4952,18.6749,"","","","",14562.06,"","","","","",0.0,"",30009.0,300.09,38062.74,381.53,38062.74,381.53,381.53,"23天",743.47,7.4347,2327.87,23.2787,2327.87,23.2787,0.2364,13017.97,"","","","Rank 41.",55.0,144.0,11.0,5.0,5.0,4.0
37600.69,376.0069,2327.87,23.2787,93.0,46.24,"43/93",8.8008,10000.0,"","",37600.69,376.0069,35749.52,357.4952,1867.49,18.6749,42890.81,428.9081,39774.37,"",3116.44,"",5273.8,52.738,4024.85,"",1248.95,"",8.8008,9.8822,2.4952,365.76,"","",404.48,496.52,88.93,72829.0,728.29,728.29,-35228.31,1.2518,1.8884,93.0,72.0,21.0,"","","",43.0,34.0,9.0,50.0,38.0,12.0,46.24,47.22,42.86,404.48,"",496.52,"",88.93,"",997.46,29.0772,1169.83,"",346.27,"",105.48,3.6968,105.92,"",104.08,"",9.4564,11.0445,3.327,18899.49,18899.49,1200.36,381.9084,"","",44.06,"","",258.21,258.21,143.72,8.4643,"","",4.9,"","",121.0,136.0,71.0,242.0,"","",17.0,"","",29.72,28.87,2.9,376.0069,357.4952,18.6749,"","","","",14562.06,"","","","","",0.0,"",30009.0,300.09,38062.74,381.53,38062.74,381.53,381.53,"23天",743.47,7.4347,2327.87,23.2787,2327.87,23.2787,0.2364,13017.97,"","","","Rank 42.",55.0,144.0,11.0,5.0,5.0,4.0
36453.46,364.5346,2287.2,22.872,91.0,45.05,"41/91",8.6871,10000.0,"","",36453.46,364.5346,34318.28,343.1828,2150.86,21.5086,41585.83,415.8583,38495.72,"",3090.11,"",5116.69,51.1669,4177.44,"",939.25,"",8.6871,9.2151,3.29,356.54,"","",400.76,470.12,119.49,72829.0,728.29,728.29,-36375.54,1.258,1.8967,91.0,73.0,18.0,"","","",41.0,34.0,7.0,50.0,39.0,11.0,45.05,46.58,38.89,400.76,"",470.12,"",119.49,"",1014.29,30.5685,1132.23,"",441.44,"",102.33,3.606,107.11,"",85.39,"",9.912,10.5707,5.1697,17549.52,17549.52,1606.6,381.9084,"","",42.2,"","",269.3,269.3,132.35,8.4643,"","",5.26,"","",125.0,133.0,90.0,254.0,"","",19.0,"","",29.2,28.19,3.3,364.5346,343.1828,21.5086,"","","","",13536.38,"","","","","",0.0,"",28935.0,289.35,36959.5,370.36,36959.5,370.36,370.36,"20天",704.17,7.0417,2287.2,22.872,2287.2,22.872,0.2075,12368.33,"","","","Rank 43.",89.0,144.0,11.0,6.0,4.0,4.0
36490.66,364.9066,2289.06,22.8906,96.0,47.92,"46/96",8.389,10000.0,"","",36490.66,364.9066,34719.46,347.1946,1787.52,17.8752,41713.43,417.1343,38694.84,"",3018.59,"",5206.45,52.0645,3975.38,"",1231.07,"",8.389,9.7336,2.452,370.23,"","",380.28,469.18,81.25,72829.0,728.29,728.29,-36338.34,1.2578,1.8965,96.0,74.0,22.0,"","","",46.0,35.0,11.0,50.0,39.0,11.0,47.92,47.3,50.0,380.28,"",469.18,"",81.25,"",906.81,27.6756,1105.57,"",274.42,"",104.13,3.6418,101.93,"",111.92,"",8.7084,10.8464,2.4519,17549.52,17549.52,1285.99,381.9084,"","",42.07,"","",269.3,269.3,138.26,8.4643,"","",5.17,"","",114.0,134.0,48.0,219.0,"","",18.0,"","",29.21,28.38,2.78,364.9066,347.1946,17.8752,"","","","",13550.19,"","","","","",0.0,"",28773.0,287.73,36876.28,369.53,36876.28,369.53,369.53,"22天",735.4,7.354,2289.06,22.8906,2289.06,22.8906,0.2075,12418.7,"","","","Rank 44.",89.0,144.0,11.0,4.0,3.0,5.0
36485.04,364.8504,2289.06,22.8906,96.0,47.92,"46/96",8.4661,10000.0,"","",36485.04,364.8504,34719.46,347.1946,1781.9,17.819,41656.08,416.5608,38694.84,"",2961.24,"",5154.72,51.5472,3975.38,"",1179.34,"",8.4661,9.7336,2.5109,370.24,"","",380.23,469.18,81.0,72829.0,728.29,728.29,-36343.96,1.2577,1.8964,96.0,74.0,22.0,"","","",46.0,35.0,11.0,50.0,39.0,11.0,47.92,47.3,50.0,380.23,"",469.18,"",81.0,"",905.57,27.6187,1105.57,"",269.2,"",103.09,3.6006,101.93,"",107.21,"",8.7843,10.8464,2.511,17549.52,17549.52,1285.99,381.9084,"","",42.13,"","",269.3,269.3,138.26,8.4643,"","",5.22,"","",114.0,134.0,48.0,219.0,"","",18.0,"","",29.21,28.38,2.77,364.8504,347.1946,17.819,"","","","",13548.1,"","","","","",0.0,"",28763.0,287.63,36870.65,369.47,36870.65,369.47,369.47,"22天",737.18,7.3718,2289.06,22.8906,2289.06,22.8906,0.2075,12418.7,"","","","Rank 45.",89.0,144.0,11.0,4.0,3.0,3.0
36296.05,362.9605,2286.81,22.8681,90.0,45.56,"41/90",8.8825,10000.0,"","",36296.05,362.9605,34160.8,341.608,2150.86,21.5086,41371.71,413.7171,38281.6,"",3090.11,"",5060.05,50.6005,4120.8,"",939.25,"",8.8825,9.2898,3.29,352.65,"","",403.46,474.46,119.49,72829.0,728.29,728.29,-36532.95,1.2555,1.8926,90.0,72.0,18.0,"","","",41.0,34.0,7.0,49.0,38.0,11.0,45.56,47.22,38.89,403.46,"",474.46,"",119.49,"",1009.07,30.2839,1125.93,"",441.44,"",103.27,3.6752,108.44,"",85.39,"",9.7712,10.383,5.1697,17549.52,17549.52,1606.6,381.9084,"","",42.42,"","",269.3,269.3,132.35,8.4643,"","",5.32,"","",127.0,137.0,90.0,257.0,"","",19.0,"","",29.12,28.11,3.3,362.9605,341.608,21.5086,"","","","",13477.92,"","","","","",0.0,"",28780.0,287.8,36802.08,368.79,36802.08,368.79,368.79,"21天",703.4,7.034,2286.81,22.8681,2286.81,22.8681,0.2075,12262.36,"","","","Rank 46.",89.0,144.0,11.0,6.0,5.0,4.0
37291.91,372.9191,2327.87,23.2787,96.0,48.96,"47/96",8.6558,10000.0,"","",37291.91,372.9191,35749.52,357.4952,1559.11,15.5911,42633.62,426.3362,39774.37,"",2859.25,"",5324.99,53.2499,4024.85,"",1300.14,"",8.6558,9.8822,2.1992,377.1,"","",388.63,496.52,64.96,72829.0,728.29,728.29,-35537.09,1.2473,1.8817,96.0,72.0,24.0,"","","",47.0,34.0,13.0,49.0,38.0,11.0,48.96,47.22,54.17,388.63,"",496.52,"",64.96,"",907.1,26.6223,1169.83,"",219.94,"",108.67,3.8072,105.92,"",118.19,"",8.3473,11.0445,1.8609,18899.49,18899.49,778.36,381.9084,"","",44.33,"","",258.21,258.21,143.72,8.4643,"","",4.85,"","",110.0,136.0,32.0,208.0,"","",16.0,"","",29.58,28.87,2.45,372.9191,357.4952,15.5911,"","","","",14442.47,"","","","","",0.0,"",29797.0,297.97,37753.99,378.43,37753.99,378.43,378.43,"21天",767.13,7.6713,2327.87,23.2787,2327.87,23.2787,0.2364,13017.97,"","","","Rank 47.",55.0,144.0,11.0,3.0,5.0,4.0
36123.68,361.2368,2287.2,22.872,94.0,45.74,"43/94",8.2462,10000.0,"","",36123.68,361.2368,34318.28,343.1828,1821.54,18.2154,41499.3,414.993,38495.72,"",3003.58,"",5359.48,53.5948,4177.44,"",1182.04,"",8.2462,9.2151,2.541,366.94,"","",384.47,470.12,86.74,72829.0,728.29,728.29,-36705.32,1.2524,1.8881,94.0,73.0,21.0,"","","",43.0,34.0,9.0,51.0,39.0,12.0,45.74,46.58,42.86,384.47,"",470.12,"",86.74,"",965.1,29.1743,1132.23,"",333.73,"",105.09,3.6987,107.11,"",98.5,"",9.1836,10.5707,3.3881,17549.52,17549.52,1184.87,381.9084,"","",42.29,"","",269.3,269.3,138.26,8.4643,"","",5.02,"","",119.0,133.0,70.0,240.0,"","",17.0,"","",29.04,28.19,2.83,361.2368,343.1828,18.2154,"","","","",13413.92,"","","","","",0.0,"",28661.0,286.61,36576.44,366.52,36576.44,366.52,366.52,"21天",733.34,7.3334,2287.2,22.872,2287.2,22.872,0.2075,12368.33,"","","","Rank 48.",89.0,144.0,11.0,5.0,4.0,3.0
36123.68,361.2368,2287.2,22.872,94.0,45.74,"43/94",8.2462,10000.0,"","",36123.68,361.2368,34318.28,343.1828,1821.54,18.2154,41499.3,414.993,38495.72,"",3003.58,"",5359.48,53.5948,4177.44,"",1182.04,"",8.2462,9.2151,2.541,366.94,"","",384.47,470.12,86.74,72829.0,728.29,728.29,-36705.32,1.2524,1.8881,94.0,73.0,21.0,"","","",43.0,34.0,9.0,51.0,39.0,12.0,45.74,46.58,42.86,384.47,"",470.12,"",86.74,"",965.1,29.1743,1132.23,"",333.73,"",105.09,3.6987,107.11,"",98.5,"",9.1836,10.5707,3.3881,17549.52,17549.52,1184.87,381.9084,"","",42.29,"","",269.3,269.3,138.26,8.4643,"","",5.02,"","",119.0,133.0,70.0,240.0,"","",17.0,"","",29.04,28.19,2.83,361.2368,343.1828,18.2154,"","","","",13413.92,"","","","","",0.0,"",28661.0,286.61,36576.44,366.52,36576.44,366.52,366.52,"21天",733.34,7.3334,2287.2,22.872,2287.2,22.872,0.2075,12368.33,"","","","Rank 49.",89.0,144.0,11.0,5.0,4.0,4.0
36123.68,361.2368,2287.2,22.872,94.0,45.74,"43/94",8.2462,10000.0,"","",36123.68,361.2368,34318.28,343.1828,1821.54,18.2154,41499.3,414.993,38495.72,"",3003.58,"",5359.48,53.5948,4177.44,"",1182.04,"",8.2462,9.2151,2.541,366.94,"","",384.47,470.12,86.74,72829.0,728.29,728.29,-36705.32,1.2524,1.8881,94.0,73.0,21.0,"","","",43.0,34.0,9.0,51.0,39.0,12.0,45.74,46.58,42.86,384.47,"",470.12,"",86.74,"",965.1,29.1743,1132.23,"",333.73,"",105.09,3.6987,107.11,"",98.5,"",9.1836,10.5707,3.3881,17549.52,17549.52,1184.87,381.9084,"","",42.29,"","",269.3,269.3,138.26,8.4643,"","",5.02,"","",119.0,133.0,70.0,240.0,"","",17.0,"","",29.04,28.19,2.83,361.2368,343.1828,18.2154,"","","","",13413.92,"","","","","",0.0,"",28661.0,286.61,36576.44,366.52,36576.44,366.52,366.52,"21天",733.34,7.3334,2287.2,22.872,2287.2,22.872,0.2075,12368.33,"","","","Rank 50.",89.0,144.0,11.0,5.0,4.0,4.0
36123.68,361.2368,2287.2,22.872,94.0,45.74,"43/94",8.2462,10000.0,"","",36123.68,361.2368,34318.28,343.1828,1821.54,18.2154,41499.3,414.993,38495.72,"",3003.58,"",5359.48,53.5948,4177.44,"",1182.04,"",8.2462,9.2151,2.541,366.94,"","",384.47,470.12,86.74,72829.0,728.29,728.29,-36705.32,1.2524,1.8881,94.0,73.0,21.0,"","","",43.0,34.0,9.0,51.0,39.0,12.0,45.74,46.58,42.86,384.47,"",470.12,"",86.74,"",965.1,29.1743,1132.23,"",333.73,"",105.09,3.6987,107.11,"",98.5,"",9.1836,10.5707,3.3881,17549.52,17549.52,1184.87,381.9084,"","",42.29,"","",269.3,269.3,138.26,8.4643,"","",5.02,"","",119.0,133.0,70.0,240.0,"","",17.0,"","",29.04,28.19,2.83,361.2368,343.1828,18.2154,"","","","",13413.92,"","","","","",0.0,"",28661.0,286.61,36576.44,366.52,36576.44,366.52,366.52,"21天",733.34,7.3334,2287.2,22.872,2287.2,22.872,0.2075,12368.33,"","","","Rank 51.",89.0,144.0,11.0,5.0,4.0,3.0
38047.07,380.4707,2359.86,23.5986,117.0,43.59,"51/117",6.5949,10000.0,"","",38047.07,380.4707,36929.29,369.2929,1137.11,11.3711,45226.73,452.2673,42087.67,"",3139.06,"",7160.33,71.6033,5158.38,"",2001.95,"",6.5949,8.1591,1.568,444.12,"","",325.35,424.48,37.91,72829.0,728.29,728.29,-34781.93,1.2405,1.873,117.0,87.0,30.0,"","","",51.0,38.0,13.0,66.0,49.0,17.0,43.59,43.68,43.33,325.35,"",424.48,"",37.91,"",886.8,26.25,1107.57,"",241.47,"",108.49,3.9043,105.27,"",117.76,"",8.174,10.5212,2.0505,19803.38,19803.38,778.36,397.7178,"","",43.79,"","",258.21,258.21,173.26,9.4743,"","",3.61,"","",96.0,118.0,32.0,199.0,"","",17.0,"","",29.92,29.41,1.81,380.4707,369.2929,11.3711,"","","","",14734.93,"","","","","",0.0,"0天",31714.0,317.14,38813.98,397.8,38813.98,397.8,397.8,"23天",778.38,7.7838,2359.86,23.5986,2359.86,23.5986,2.4293,13676.16,"","","","Rank 52.",55.0,89.0,11.0,3.0,3.0,5.0
35937.02,359.3702,2286.81,22.8681,93.0,47.31,"44/93",8.3392,10000.0,"","",35937.02,359.3702,34160.8,341.608,1792.29,17.9229,41304.96,413.0496,38281.6,"",3023.36,"",5351.87,53.5187,4120.8,"",1231.07,"",8.3392,9.2898,2.4559,363.08,"","",386.59,474.46,85.35,72829.0,728.29,728.29,-36891.98,1.2494,1.8833,93.0,72.0,21.0,"","","",44.0,34.0,10.0,49.0,38.0,11.0,47.31,47.22,47.62,386.59,"",474.46,"",85.35,"",938.75,28.2693,1125.93,"",302.34,"",109.22,3.8873,108.44,"",111.92,"",8.595,10.383,2.7014,17549.52,17549.52,1184.87,381.9084,"","",42.49,"","",269.3,269.3,138.26,8.4643,"","",5.03,"","",121.0,137.0,68.0,238.0,"","",17.0,"","",28.95,28.11,2.79,359.3702,341.608,17.9229,"","","","",13344.6,"","","","","",0.0,"",28490.0,284.9,36389.77,364.65,36389.77,364.65,364.65,"21天",734.02,7.3402,2286.81,22.8681,2286.81,22.8681,0.2075,12262.36,"","","","Rank 53.",89.0,144.0,11.0,5.0,5.0,5.0
35932.11,359.3211,2286.81,22.8681,94.0,47.87,"45/94",8.3382,10000.0,"","",35932.11,359.3211,34160.8,341.608,1787.52,17.8752,41300.19,413.0019,38281.6,"",3018.59,"",5351.87,53.5187,4120.8,"",1231.07,"",8.3382,9.2898,2.452,365.75,"","",382.43,474.46,81.25,72829.0,728.29,728.29,-36896.89,1.2495,1.8835,94.0,72.0,22.0,"","","",45.0,34.0,11.0,49.0,38.0,11.0,47.87,47.22,50.0,382.43,"",474.46,"",81.25,"",917.78,27.7131,1125.93,"",274.42,"",109.22,3.8873,108.44,"",111.92,"",8.403,10.383,2.4519,17549.52,17549.52,1285.99,381.9084,"","",42.49,"","",269.3,269.3,138.26,8.4643,"","",5.03,"","",116.0,137.0,48.0,224.0,"","",17.0,"","",28.95,28.11,2.78,359.3211,341.608,17.8752,"","","","",13342.78,"","","","","",0.0,"",28413.0,284.13,36317.72,363.93,36317.72,363.93,363.93,"24天",742.04,7.4204,2286.81,22.8681,2286.81,22.8681,0.2075,12262.36,"","","","Rank 54.",89.0,144.0,11.0,4.0,5.0,5.0
35932.11,359.3211,2286.81,22.8681,94.0,47.87,"45/94",8.3382,10000.0,"","",35932.11,359.3211,34160.8,341.608,1787.52,17.8752,41300.19,413.0019,38281.6,"",3018.59,"",5351.87,53.5187,4120.8,"",1231.07,"",8.3382,9.2898,2.452,365.75,"","",382.43,474.46,81.25,72829.0,728.29,728.29,-36896.89,1.2495,1.8835,94.0,72.0,22.0,"","","",45.0,34.0,11.0,49.0,38.0,11.0,47.87,47.22,50.0,382.43,"",474.46,"",81.25,"",917.78,27.7131,1125.93,"",274.42,"",109.22,3.8873,108.44,"",111.92,"",8.403,10.383,2.4519,17549.52,17549.52,1285.99,381.9084,"","",42.49,"","",269.3,269.3,138.26,8.4643,"","",5.03,"","",116.0,137.0,48.0,224.0,"","",17.0,"","",28.95,28.11,2.78,359.3211,341.608,17.8752,"","","","",13342.78,"","","","","",0.0,"",28413.0,284.13,36317.72,363.93,36317.72,363.93,363.93,"24天",742.04,7.4204,2286.81,22.8681,2286.81,22.8681,0.2075,12262.36,"","","","Rank 55.",89.0,144.0,11.0,4.0,5.0,5.0
35932.11,359.3211,2286.81,22.8681,94.0,47.87,"45/94",8.3382,10000.0,"","",35932.11,359.3211,34160.8,341.608,1787.52,17.8752,41300.19,413.0019,38281.6,"",3018.59,"",5351.87,53.5187,4120.8,"",1231.07,"",8.3382,9.2898,2.452,365.75,"","",382.43,474.46,81.25,72829.0,728.29,728.29,-36896.89,1.2495,1.8835,94.0,72.0,22.0,"","","",45.0,34.0,11.0,49.0,38.0,11.0,47.87,47.22,50.0,382.43,"",474.46,"",81.25,"",917.78,27.7131,1125.93,"",274.42,"",109.22,3.8873,108.44,"",111.92,"",8.403,10.383,2.4519,17549.52,17549.52,1285.99,381.9084,"","",42.49,"","",269.3,269.3,138.26,8.4643,"","",5.03,"","",116.0,137.0,48.0,224.0,"","",17.0,"","",28.95,28.11,2.78,359.3211,341.608,17.8752,"","","","",13342.78,"","","","","",0.0,"",28413.0,284.13,36317.72,363.93,36317.72,363.93,363.93,"24天",742.04,7.4204,2286.81,22.8681,2286.81,22.8681,0.2075,12262.36,"","","","Rank 56.",89.0,144.0,11.0,4.0,5.0,5.0
35932.11,359.3211,2286.81,22.8681,94.0,47.87,"45/94",8.3382,10000.0,"","",35932.11,359.3211,34160.8,341.608,1787.52,17.8752,41300.19,413.0019,38281.6,"",3018.59,"",5351.87,53.5187,4120.8,"",1231.07,"",8.3382,9.2898,2.452,365.75,"","",382.43,474.46,81.25,72829.0,728.29,728.29,-36896.89,1.2495,1.8835,94.0,72.0,22.0,"","","",45.0,34.0,11.0,49.0,38.0,11.0,47.87,47.22,50.0,382.43,"",474.46,"",81.25,"",917.78,27.7131,1125.93,"",274.42,"",109.22,3.8873,108.44,"",111.92,"",8.403,10.383,2.4519,17549.52,17549.52,1285.99,381.9084,"","",42.49,"","",269.3,269.3,138.26,8.4643,"","",5.03,"","",116.0,137.0,48.0,224.0,"","",17.0,"","",28.95,28.11,2.78,359.3211,341.608,17.8752,"","","","",13342.78,"","","","","",0.0,"",28413.0,284.13,36317.72,363.93,36317.72,363.93,363.93,"24天",742.04,7.4204,2286.81,22.8681,2286.81,22.8681,0.2075,12262.36,"","","","Rank 57.",89.0,144.0,11.0,4.0,5.0,5.0
37928.56,379.2856,2359.86,23.5986,115.0,43.48,"50/115",6.7676,10000.0,"","",37928.56,379.2856,36929.29,369.2929,1018.43,10.1843,44883.91,448.8391,42087.67,"",2796.24,"",6936.19,69.3619,5158.38,"",1777.81,"",6.7676,8.1591,1.5729,435.78,"","",329.98,424.48,36.37,72829.0,728.29,728.29,-34900.44,1.2385,1.8698,115.0,87.0,28.0,"","","",50.0,38.0,12.0,65.0,49.0,16.0,43.48,43.68,42.86,329.98,"",424.48,"",36.37,"",897.68,26.4161,1107.57,"",233.02,"",106.71,3.8352,105.27,"",111.11,"",8.4123,10.5212,2.0972,19803.38,19803.38,1209.56,397.7178,"","",44.12,"","",258.21,258.21,173.26,9.4743,"","",3.72,"","",99.0,118.0,40.0,208.0,"","",16.0,"","",29.87,29.41,1.63,379.2856,369.2929,10.1843,"","","","",14689.04,"","","","","",0.0,"0天",31532.0,315.32,38708.2,396.72,38708.2,396.72,396.72,"25天",795.99,7.9599,2359.86,23.5986,2359.86,23.5986,2.4293,13676.16,"","","","Rank 58.",55.0,89.0,11.0,4.0,3.0,4.0
37870.96,378.7096,2359.86,23.5986,115.0,43.48,"50/115",6.6574,10000.0,"","",37870.96,378.7096,36929.29,369.2929,960.83,9.6083,44944.28,449.4428,42087.67,"",2856.61,"",7054.16,70.5416,5158.38,"",1895.78,"",6.6574,8.1591,1.5068,435.82,"","",329.48,424.48,34.31,72829.0,728.29,728.29,-34958.04,1.2375,1.8684,115.0,87.0,28.0,"","","",50.0,38.0,12.0,65.0,49.0,16.0,43.48,43.68,42.86,329.48,"",424.48,"",34.31,"",898.89,26.4684,1107.57,"",238.05,"",108.53,3.9106,105.27,"",118.49,"",8.2824,10.5212,2.009,19803.38,19803.38,1209.56,397.7178,"","",44.06,"","",258.21,258.21,173.26,9.4743,"","",3.66,"","",100.0,118.0,41.0,208.0,"","",16.0,"","",29.84,29.41,1.54,378.7096,369.2929,9.6083,"","","","",14666.73,"","","","","",0.0,"0天",31490.0,314.9,38650.61,396.13,38650.61,396.13,396.13,"25天",800.06,8.0006,2359.86,23.5986,2359.86,23.5986,2.4293,13676.16,"","","","Rank 59.",55.0,89.0,11.0,4.0,3.0,5.0
37870.96,378.7096,2359.86,23.5986,115.0,43.48,"50/115",6.6574,10000.0,"","",37870.96,378.7096,36929.29,369.2929,960.83,9.6083,44944.28,449.4428,42087.67,"",2856.61,"",7054.16,70.5416,5158.38,"",1895.78,"",6.6574,8.1591,1.5068,435.82,"","",329.48,424.48,34.31,72829.0,728.29,728.29,-34958.04,1.2375,1.8684,115.0,87.0,28.0,"","","",50.0,38.0,12.0,65.0,49.0,16.0,43.48,43.68,42.86,329.48,"",424.48,"",34.31,"",898.89,26.4684,1107.57,"",238.05,"",108.53,3.9106,105.27,"",118.49,"",8.2824,10.5212,2.009,19803.38,19803.38,1209.56,397.7178,"","",44.06,"","",258.21,258.21,173.26,9.4743,"","",3.66,"","",100.0,118.0,41.0,208.0,"","",16.0,"","",29.84,29.41,1.54,378.7096,369.2929,9.6083,"","","","",14666.73,"","","","","",0.0,"0天",31490.0,314.9,38650.61,396.13,38650.61,396.13,396.13,"25天",800.06,8.0006,2359.86,23.5986,2359.86,23.5986,2.4293,13676.16,"","","","Rank 60.",55.0,89.0,11.0,4.0,3.0,5.0
35943.42,359.4342,2295.31,22.9531,117.0,44.44,"52/117",6.5027,10000.0,"","",35943.42,359.4342,34773.02,347.7302,1189.28,11.8928,42843.5,428.435,39782.61,"",3060.89,"",6881.2,68.812,5009.59,"",1871.61,"",6.5027,7.9413,1.6354,437.3,"","",307.37,399.69,39.64,72829.0,728.29,728.29,-36885.58,1.2419,1.8723,117.0,87.0,30.0,"","","",52.0,39.0,13.0,65.0,48.0,17.0,44.44,44.83,43.33,307.37,"",399.69,"",39.64,"",823.91,25.7442,1020.07,"",235.45,"",105.86,3.8431,104.37,"",110.09,"",7.783,9.7736,2.1387,18046.99,18046.99,794.58,397.7178,"","",42.12,"","",269.3,269.3,160.52,9.4743,"","",3.91,"","",96.0,119.0,32.0,197.0,"","",16.0,"","",28.96,28.4,1.89,359.4342,347.7302,11.8928,"","","","",13346.98,"","","","","",0.0,"0天",29461.0,294.61,36687.28,375.84,36687.28,375.84,375.84,"24天",757.61,7.5761,2295.31,22.9531,2295.31,22.9531,2.3854,12523.51,"","","","Rank 61.",89.0,89.0,11.0,3.0,3.0,5.0
37417.43,374.1743,2349.81,23.4981,109.0,43.12,"47/109",6.9565,10000.0,"","",37417.43,374.1743,36418.05,364.1805,1018.02,10.1802,44251.04,442.5104,41337.24,"",2913.8,"",6814.97,68.1497,4919.19,"",1895.78,"",6.9565,8.4033,1.537,418.13,"","",343.45,444.12,37.7,72829.0,728.29,728.29,-35411.57,1.2352,1.8637,109.0,82.0,27.0,"","","",47.0,36.0,11.0,62.0,46.0,16.0,43.12,43.9,40.74,343.45,"",444.12,"",37.7,"",941.51,27.5472,1148.26,"",264.89,"",109.92,3.9424,106.94,"",118.49,"",8.5654,10.7374,2.2355,19803.38,19803.38,1200.36,397.7178,"","",44.75,"","",258.21,258.21,173.26,9.014,"","",3.79,"","",105.0,124.0,49.0,224.0,"","",15.0,"","",29.64,29.18,1.63,374.1743,364.1805,10.1802,"","","","",14491.08,"","","","","",0.0,"0天",30958.0,309.58,38206.27,391.58,38206.27,391.58,391.58,"25天",801.79,8.0179,2349.81,23.4981,2349.81,23.4981,2.4293,13380.43,"","","","Rank 62.",55.0,89.0,11.0,5.0,5.0,5.0
37360.08,373.6008,2349.81,23.4981,110.0,43.64,"48/110",6.9474,10000.0,"","",37360.08,373.6008,36418.05,364.1805,960.83,9.6083,44193.85,441.9385,41337.24,"",2856.61,"",6814.97,68.1497,4919.19,"",1895.78,"",6.9474,8.4033,1.5068,420.98,"","",339.81,444.12,34.31,72829.0,728.29,728.29,-35468.92,1.2344,1.8625,110.0,82.0,28.0,"","","",48.0,36.0,12.0,62.0,46.0,16.0,43.64,43.9,42.86,339.81,"",444.12,"",34.31,"",920.71,26.9965,1148.26,"",238.05,"",109.92,3.9424,106.94,"",118.49,"",8.3762,10.7374,2.009,19803.38,19803.38,1209.56,397.7178,"","",44.81,"","",258.21,258.21,173.26,9.014,"","",3.79,"","",103.0,124.0,41.0,216.0,"","",15.0,"","",29.61,29.18,1.54,373.6008,364.1805,9.6083,"","","","",14468.87,"","","","","",0.0,"0天",30902.0,309.02,38139.72,390.89,38139.72,390.89,390.89,"25天",807.09,8.0709,2349.81,23.4981,2349.81,23.4981,2.4293,13380.43,"","","","Rank 63.",55.0,89.0,11.0,4.0,5.0,5.0
37360.08,373.6008,2349.81,23.4981,110.0,43.64,"48/110",6.9474,10000.0,"","",37360.08,373.6008,36418.05,364.1805,960.83,9.6083,44193.85,441.9385,41337.24,"",2856.61,"",6814.97,68.1497,4919.19,"",1895.78,"",6.9474,8.4033,1.5068,420.98,"","",339.81,444.12,34.31,72829.0,728.29,728.29,-35468.92,1.2344,1.8625,110.0,82.0,28.0,"","","",48.0,36.0,12.0,62.0,46.0,16.0,43.64,43.9,42.86,339.81,"",444.12,"",34.31,"",920.71,26.9965,1148.26,"",238.05,"",109.92,3.9424,106.94,"",118.49,"",8.3762,10.7374,2.009,19803.38,19803.38,1209.56,397.7178,"","",44.81,"","",258.21,258.21,173.26,9.014,"","",3.79,"","",103.0,124.0,41.0,216.0,"","",15.0,"","",29.61,29.18,1.54,373.6008,364.1805,9.6083,"","","","",14468.87,"","","","","",0.0,"0天",30902.0,309.02,38139.72,390.89,38139.72,390.89,390.89,"25天",807.09,8.0709,2349.81,23.4981,2349.81,23.4981,2.4293,13380.43,"","","","Rank 64.",55.0,89.0,11.0,4.0,5.0,5.0
35839.93,358.3993,2295.31,22.9531,114.0,43.86,"50/114",6.5755,10000.0,"","",35839.93,358.3993,34773.02,347.7302,1085.45,10.8545,42635.92,426.3592,39782.61,"",2853.31,"",6777.45,67.7745,5009.59,"",1767.86,"",6.5755,7.9413,1.614,426.25,"","",314.55,399.69,40.2,72829.0,728.29,728.29,-36989.07,1.2396,1.8687,114.0,87.0,27.0,"","","",50.0,39.0,11.0,64.0,48.0,16.0,43.86,44.83,40.74,314.55,"",399.69,"",40.2,"",852.72,26.445,1020.07,"",259.39,"",105.9,3.8485,104.37,"",110.49,"",8.0521,9.7736,2.3476,18046.99,18046.99,1184.87,397.7178,"","",42.33,"","",269.3,269.3,160.52,9.4743,"","",3.97,"","",104.0,119.0,56.0,218.0,"","",15.0,"","",28.91,28.4,1.73,358.3993,347.7302,10.8545,"","","","",13308.55,"","","","","",0.0,"0天",29325.0,293.25,36601.27,374.96,36601.27,374.96,374.96,"24天",771.87,7.7187,2295.31,22.9531,2295.31,22.9531,2.3854,12523.51,"","","","Rank 65.",89.0,89.0,11.0,5.0,3.0,5.0
35839.93,358.3993,2295.31,22.9531,114.0,43.86,"50/114",6.5755,10000.0,"","",35839.93,358.3993,34773.02,347.7302,1085.45,10.8545,42635.92,426.3592,39782.61,"",2853.31,"",6777.45,67.7745,5009.59,"",1767.86,"",6.5755,7.9413,1.614,426.25,"","",314.55,399.69,40.2,72829.0,728.29,728.29,-36989.07,1.2396,1.8687,114.0,87.0,27.0,"","","",50.0,39.0,11.0,64.0,48.0,16.0,43.86,44.83,40.74,314.55,"",399.69,"",40.2,"",852.72,26.445,1020.07,"",259.39,"",105.9,3.8485,104.37,"",110.49,"",8.0521,9.7736,2.3476,18046.99,18046.99,1184.87,397.7178,"","",42.33,"","",269.3,269.3,160.52,9.4743,"","",3.97,"","",104.0,119.0,56.0,218.0,"","",15.0,"","",28.91,28.4,1.73,358.3993,347.7302,10.8545,"","","","",13308.55,"","","","","",0.0,"0天",29325.0,293.25,36601.27,374.96,36601.27,374.96,374.96,"24天",771.87,7.7187,2295.31,22.9531,2295.31,22.9531,2.3854,12523.51,"","","","Rank 66.",89.0,89.0,11.0,5.0,3.0,5.0
35839.93,358.3993,2295.31,22.9531,114.0,43.86,"50/114",6.5755,10000.0,"","",35839.93,358.3993,34773.02,347.7302,1085.45,10.8545,42635.92,426.3592,39782.61,"",2853.31,"",6777.45,67.7745,5009.59,"",1767.86,"",6.5755,7.9413,1.614,426.25,"","",314.55,399.69,40.2,72829.0,728.29,728.29,-36989.07,1.2396,1.8687,114.0,87.0,27.0,"","","",50.0,39.0,11.0,64.0,48.0,16.0,43.86,44.83,40.74,314.55,"",399.69,"",40.2,"",852.72,26.445,1020.07,"",259.39,"",105.9,3.8485,104.37,"",110.49,"",8.0521,9.7736,2.3476,18046.99,18046.99,1184.87,397.7178,"","",42.33,"","",269.3,269.3,160.52,9.4743,"","",3.97,"","",104.0,119.0,56.0,218.0,"","",15.0,"","",28.91,28.4,1.73,358.3993,347.7302,10.8545,"","","","",13308.55,"","","","","",0.0,"0天",29325.0,293.25,36601.27,374.96,36601.27,374.96,374.96,"24天",771.87,7.7187,2295.31,22.9531,2295.31,22.9531,2.3854,12523.51,"","","","Rank 67.",89.0,89.0,11.0,5.0,3.0,5.0
35144.67,351.4467,2294.72,22.9472,110.0,42.73,"47/110",6.4401,10000.0,"","",35144.67,351.4467,34062.65,340.6265,1100.46,11.0046,42087.98,420.8798,39219.66,"",2868.32,"",6924.87,69.2487,5157.01,"",1767.86,"",6.4401,7.6051,1.6225,416.59,"","",319.66,415.4,39.3,72829.0,728.29,728.29,-37684.33,1.2289,1.8518,110.0,82.0,28.0,"","","",47.0,35.0,12.0,63.0,47.0,16.0,42.73,42.68,42.86,319.66,"",415.4,"",39.3,"",895.49,27.4215,1120.56,"",239.03,"",109.92,3.9645,109.72,"",110.49,"",8.1467,10.2129,2.1634,18046.99,18046.99,1285.99,397.7178,"","",42.88,"","",269.3,269.3,160.52,8.4643,"","",3.89,"","",102.0,123.0,40.0,217.0,"","",16.0,"","",28.58,28.06,1.76,351.4467,340.6265,11.0046,"","","","",13050.38,"","","","","",0.0,"0天",28839.0,288.39,35804.88,366.8,35804.88,366.8,366.8,"25天",793.57,7.9357,2294.72,22.9472,2294.72,22.9472,2.3854,12383.79,"","","","Rank 68.",89.0,89.0,11.0,4.0,5.0,5.0
35129.8,351.298,2294.72,22.9472,109.0,42.2,"46/109",6.4378,10000.0,"","",35129.8,351.298,34062.65,340.6265,1085.45,10.8545,42072.97,420.7297,39219.66,"",2853.31,"",6924.87,69.2487,5157.01,"",1767.86,"",6.4378,7.6051,1.614,413.93,"","",322.46,415.4,40.2,72829.0,728.29,728.29,-37699.2,1.2285,1.8511,109.0,82.0,27.0,"","","",46.0,35.0,11.0,63.0,47.0,16.0,42.2,42.68,40.74,322.46,"",415.4,"",40.2,"",914.63,27.93,1120.56,"",259.39,"",109.92,3.9645,109.72,"",110.49,"",8.3209,10.2129,2.3476,18046.99,18046.99,1184.87,397.7178,"","",42.89,"","",269.3,269.3,160.52,8.4643,"","",3.89,"","",107.0,123.0,56.0,230.0,"","",16.0,"","",28.57,28.06,1.73,351.298,340.6265,10.8545,"","","","",13044.86,"","","","","",0.0,"0天",28904.0,289.04,35891.14,367.68,35891.14,367.68,367.68,"25天",787.62,7.8762,2294.72,22.9472,2294.72,22.9472,2.3854,12383.79,"","","","Rank 69.",89.0,89.0,11.0,5.0,5.0,5.0
30265.2,302.652,2515.69,25.1569,96.0,44.79,"43/96",7.0482,10000.0,"","",30265.2,302.652,28433.67,284.3367,1848.03,18.4803,35712.8,357.128,32604.36,"",3108.44,"",5431.1,54.311,4170.69,"",1260.41,"",7.0482,7.8175,2.4662,368.05,"","",315.44,379.11,88.0,72829.0,728.29,728.29,-42563.8,1.2099,1.8465,96.0,75.0,21.0,"","","",43.0,35.0,8.0,53.0,40.0,13.0,44.79,46.67,38.1,315.44,"",379.11,"",88.0,"",830.53,24.6587,931.55,"",388.55,"",102.47,3.6911,104.27,"",96.95,"",8.1051,8.934,4.0077,13864.26,13864.26,1200.36,280.1918,"","",38.82,"","",258.21,258.21,143.72,8.4643,"","",4.75,"","",112.0,124.0,71.0,228.0,"","",19.0,"","",26.15,25.18,2.87,302.652,284.3367,18.4803,"","","","",11721.16,"","","","","",0.0,"",23419.0,234.19,30958.08,310.31,30958.08,310.31,310.31,"3天",1344.63,13.4463,2515.69,25.1569,2515.69,25.1569,0.2364,20636.6,"","","","Rank 70.",55.0,144.0,10.0,5.0,4.0,3.0
30265.2,302.652,2515.69,25.1569,96.0,44.79,"43/96",7.0482,10000.0,"","",30265.2,302.652,28433.67,284.3367,1848.03,18.4803,35712.8,357.128,32604.36,"",3108.44,"",5431.1,54.311,4170.69,"",1260.41,"",7.0482,7.8175,2.4662,368.05,"","",315.44,379.11,88.0,72829.0,728.29,728.29,-42563.8,1.2099,1.8465,96.0,75.0,21.0,"","","",43.0,35.0,8.0,53.0,40.0,13.0,44.79,46.67,38.1,315.44,"",379.11,"",88.0,"",830.53,24.6587,931.55,"",388.55,"",102.47,3.6911,104.27,"",96.95,"",8.1051,8.934,4.0077,13864.26,13864.26,1200.36,280.1918,"","",38.82,"","",258.21,258.21,143.72,8.4643,"","",4.75,"","",112.0,124.0,71.0,228.0,"","",19.0,"","",26.15,25.18,2.87,302.652,284.3367,18.4803,"","","","",11721.16,"","","","","",0.0,"",23419.0,234.19,30958.08,310.31,30958.08,310.31,310.31,"3天",1344.63,13.4463,2515.69,25.1569,2515.69,25.1569,0.2364,20636.6,"","","","Rank 71.",55.0,144.0,10.0,5.0,4.0,3.0
30293.51,302.9351,2569.41,25.6941,92.0,44.57,"41/92",7.1913,10000.0,"","",30293.51,302.9351,28036.05,280.3605,2273.47,22.7347,35656.21,356.5621,32383.95,"",3272.26,"",5346.69,53.4669,4347.9,"",998.79,"",7.1913,7.4482,3.2762,355.99,"","",329.45,378.86,126.31,72829.0,728.29,728.29,-42535.49,1.2107,1.8473,92.0,74.0,18.0,"","","",41.0,34.0,7.0,51.0,40.0,11.0,44.57,45.95,38.89,329.45,"",378.86,"",126.31,"",869.66,25.5952,952.47,"",467.47,"",104.84,3.717,108.7,"",90.8,"",8.2951,8.7624,5.1483,13864.26,13864.26,1735.15,280.1918,"","",38.88,"","",258.21,258.21,140.25,9.0614,"","",4.83,"","",120.0,125.0,99.0,246.0,"","",19.0,"","",26.17,24.96,3.48,302.9351,280.3605,22.7347,"","","","",11732.12,"","","","","",0.0,"",23380.0,233.8,30765.0,308.38,30765.0,308.38,308.38,"34天",1308.78,13.0878,2569.41,25.6941,2569.41,25.6941,0.2364,20238.57,"","","","Rank 72.",55.0,144.0,10.0,6.0,5.0,4.0
30293.51,302.9351,2569.41,25.6941,92.0,44.57,"41/92",7.1913,10000.0,"","",30293.51,302.9351,28036.05,280.3605,2273.47,22.7347,35656.21,356.5621,32383.95,"",3272.26,"",5346.69,53.4669,4347.9,"",998.79,"",7.1913,7.4482,3.2762,355.99,"","",329.45,378.86,126.31,72829.0,728.29,728.29,-42535.49,1.2107,1.8473,92.0,74.0,18.0,"","","",41.0,34.0,7.0,51.0,40.0,11.0,44.57,45.95,38.89,329.45,"",378.86,"",126.31,"",869.66,25.5952,952.47,"",467.47,"",104.84,3.717,108.7,"",90.8,"",8.2951,8.7624,5.1483,13864.26,13864.26,1735.15,280.1918,"","",38.88,"","",258.21,258.21,140.25,9.0614,"","",4.83,"","",120.0,125.0,99.0,246.0,"","",19.0,"","",26.17,24.96,3.48,302.9351,280.3605,22.7347,"","","","",11732.12,"","","","","",0.0,"",23380.0,233.8,30765.0,308.38,30765.0,308.38,308.38,"34天",1308.78,13.0878,2569.41,25.6941,2569.41,25.6941,0.2364,20238.57,"","","","Rank 73.",55.0,144.0,10.0,6.0,5.0,4.0
21809.52,218.0952,2412.55,24.1255,97.0,43.3,"42/97",5.1596,10000.0,"","",21809.52,218.0952,19674.75,196.7475,2150.86,21.5086,27498.42,274.9842,24408.31,"",3090.11,"",5672.81,56.7281,4733.56,"",939.25,"",5.1596,5.1564,3.29,361.38,"","",225.01,249.05,119.49,72829.0,728.29,728.29,-51019.48,1.4131,2.1117,97.0,79.0,18.0,"","","",42.0,35.0,7.0,55.0,44.0,11.0,43.3,44.3,38.89,225.01,"",249.05,"",119.49,"",654.72,20.2933,697.38,"",441.44,"",103.14,3.7867,107.58,"",85.39,"",6.3479,6.4824,5.1697,8118.06,8118.06,1606.6,176.7277,"","",29.52,"","",269.3,269.3,132.35,9.0614,"","",4.75,"","",101.0,103.0,90.0,208.0,"","",19.0,"","",21.29,19.89,3.3,218.0952,196.7475,21.5086,"","","","",8098.6,"","","","","",0.0,"",15676.0,156.76,22283.89,223.3,22283.89,223.3,223.3,"29天",1142.37,11.4237,2412.55,24.1255,2412.55,24.1255,0.2075,12004.82,"","","","Rank 74.",89.0,144.0,9.0,6.0,4.0,4.0
21353.58,213.5358,2388.34,23.8834,100.0,46.0,"46/100",4.9561,10000.0,"","",21353.58,213.5358,19582.69,195.8269,1787.52,17.8752,27282.14,272.8214,24263.55,"",3018.59,"",5911.93,59.1193,4680.86,"",1231.07,"",4.9561,5.1836,2.452,370.65,"","",213.7,251.06,81.25,72829.0,728.29,728.29,-51475.42,1.3943,2.0823,100.0,78.0,22.0,"","","",46.0,35.0,11.0,54.0,43.0,11.0,46.0,44.87,50.0,213.7,"",251.06,"",81.25,"",593.09,18.4423,693.24,"",274.42,"",109.48,4.0535,108.86,"",111.92,"",5.4173,6.3682,2.4519,8118.06,8118.06,1285.99,176.7277,"","",29.76,"","",269.3,269.3,138.26,9.0614,"","",4.56,"","",93.0,106.0,48.0,182.0,"","",17.0,"","",21.0,19.83,2.78,213.5358,195.8269,17.8752,"","","","",7929.29,"","","","","",0.0,"",15213.0,152.13,21739.2,217.84,21739.2,217.84,217.84,"30天",1202.14,12.0214,2388.34,23.8834,2388.34,23.8834,0.2075,11969.34,"","","","Rank 75.",89.0,144.0,9.0,4.0,5.0,5.0
21353.58,213.5358,2388.34,23.8834,100.0,46.0,"46/100",4.9561,10000.0,"","",21353.58,213.5358,19582.69,195.8269,1787.52,17.8752,27282.14,272.8214,24263.55,"",3018.59,"",5911.93,59.1193,4680.86,"",1231.07,"",4.9561,5.1836,2.452,370.65,"","",213.7,251.06,81.25,72829.0,728.29,728.29,-51475.42,1.3943,2.0823,100.0,78.0,22.0,"","","",46.0,35.0,11.0,54.0,43.0,11.0,46.0,44.87,50.0,213.7,"",251.06,"",81.25,"",593.09,18.4423,693.24,"",274.42,"",109.48,4.0535,108.86,"",111.92,"",5.4173,6.3682,2.4519,8118.06,8118.06,1285.99,176.7277,"","",29.76,"","",269.3,269.3,138.26,9.0614,"","",4.56,"","",93.0,106.0,48.0,182.0,"","",17.0,"","",21.0,19.83,2.78,213.5358,195.8269,17.8752,"","","","",7929.29,"","","","","",0.0,"",15213.0,152.13,21739.2,217.84,21739.2,217.84,217.84,"30天",1202.14,12.0214,2388.34,23.8834,2388.34,23.8834,0.2075,11969.34,"","","","Rank 76.",89.0,144.0,9.0,4.0,5.0,5.0
21479.74,214.7974,2412.55,24.1255,100.0,44.0,"44/100",4.9152,10000.0,"","",21479.74,214.7974,19674.75,196.7475,1821.54,18.2154,27411.89,274.1189,24408.31,"",3003.58,"",5915.6,59.156,4733.56,"",1182.04,"",4.9152,5.1564,2.541,371.79,"","",214.96,249.05,86.74,72829.0,728.29,728.29,-51349.26,1.3985,2.089,100.0,79.0,21.0,"","","",44.0,35.0,9.0,56.0,44.0,12.0,44.0,44.3,42.86,214.96,"",249.05,"",86.74,"",623.0,19.3979,697.38,"",333.73,"",105.64,3.8679,107.58,"",98.5,"",5.8974,6.4824,3.3881,8118.06,8118.06,1184.87,176.7277,"","",29.62,"","",269.3,269.3,138.26,9.0614,"","",4.55,"","",96.0,103.0,70.0,196.0,"","",18.0,"","",21.08,19.89,2.83,214.7974,196.7475,18.2154,"","","","",7976.14,"","","","","",0.0,"",15402.0,154.02,21920.9,219.66,21920.9,219.66,219.66,"30天",1188.25,11.8825,2412.55,24.1255,2412.55,24.1255,0.2075,12004.82,"","","","Rank 77.",89.0,144.0,9.0,5.0,4.0,3.0
21479.74,214.7974,2412.55,24.1255,100.0,44.0,"44/100",4.9152,10000.0,"","",21479.74,214.7974,19674.75,196.7475,1821.54,18.2154,27411.89,274.1189,24408.31,"",3003.58,"",5915.6,59.156,4733.56,"",1182.04,"",4.9152,5.1564,2.541,371.79,"","",214.96,249.05,86.74,72829.0,728.29,728.29,-51349.26,1.3985,2.089,100.0,79.0,21.0,"","","",44.0,35.0,9.0,56.0,44.0,12.0,44.0,44.3,42.86,214.96,"",249.05,"",86.74,"",623.0,19.3979,697.38,"",333.73,"",105.64,3.8679,107.58,"",98.5,"",5.8974,6.4824,3.3881,8118.06,8118.06,1184.87,176.7277,"","",29.62,"","",269.3,269.3,138.26,9.0614,"","",4.55,"","",96.0,103.0,70.0,196.0,"","",18.0,"","",21.08,19.89,2.83,214.7974,196.7475,18.2154,"","","","",7976.14,"","","","","",0.0,"",15402.0,154.02,21920.9,219.66,21920.9,219.66,219.66,"30天",1188.25,11.8825,2412.55,24.1255,2412.55,24.1255,0.2075,12004.82,"","","","Rank 78.",89.0,144.0,9.0,5.0,4.0,3.0
21479.74,214.7974,2412.55,24.1255,100.0,44.0,"44/100",4.9152,10000.0,"","",21479.74,214.7974,19674.75,196.7475,1821.54,18.2154,27411.89,274.1189,24408.31,"",3003.58,"",5915.6,59.156,4733.56,"",1182.04,"",4.9152,5.1564,2.541,371.79,"","",214.96,249.05,86.74,72829.0,728.29,728.29,-51349.26,1.3985,2.089,100.0,79.0,21.0,"","","",44.0,35.0,9.0,56.0,44.0,12.0,44.0,44.3,42.86,214.96,"",249.05,"",86.74,"",623.0,19.3979,697.38,"",333.73,"",105.64,3.8679,107.58,"",98.5,"",5.8974,6.4824,3.3881,8118.06,8118.06,1184.87,176.7277,"","",29.62,"","",269.3,269.3,138.26,9.0614,"","",4.55,"","",96.0,103.0,70.0,196.0,"","",18.0,"","",21.08,19.89,2.83,214.7974,196.7475,18.2154,"","","","",7976.14,"","","","","",0.0,"",15402.0,154.02,21920.9,219.66,21920.9,219.66,219.66,"30天",1188.25,11.8825,2412.55,24.1255,2412.55,24.1255,0.2075,12004.82,"","","","Rank 79.",89.0,144.0,9.0,5.0,4.0,3.0
21735.23,217.3523,2612.92,26.1292,102.0,48.04,"49/102",5.2316,10000.0,"","",21735.23,217.3523,19745.28,197.4528,2007.02,20.0702,27371.51,273.7151,24173.03,"",3198.48,"",5619.21,56.1921,4427.75,"",1191.46,"",5.2316,5.4594,2.6845,379.01,"","",213.26,249.94,87.26,72829.0,728.29,728.29,-51093.77,1.2016,1.7779,102.0,79.0,23.0,"","","",49.0,36.0,13.0,53.0,43.0,10.0,48.04,45.57,56.52,213.26,"",249.94,"",87.26,"",558.6,17.2265,671.47,"",246.04,"",106.02,3.9306,102.97,"",119.15,"",5.2688,6.521,2.065,8195.91,8195.91,778.36,165.6856,"","",29.94,"","",258.21,258.21,143.72,8.4643,"","",4.6,"","",91.0,107.0,36.0,171.0,"","",16.0,"","",21.24,19.94,3.1,217.3523,197.4528,20.0702,"","","","",8417.66,"","","","","",0.0,"",15699.0,156.99,22141.13,221.94,22141.13,221.94,221.94,"29天",1303.56,13.0356,2612.92,26.1292,2612.92,26.1292,0.2364,12290.25,"","","","Rank 80.",55.0,144.0,9.0,3.0,4.0,3.0
21020.44,210.2044,2577.96,25.7796,96.0,43.75,"42/96",5.0996,10000.0,"","",21020.44,210.2044,18885.6,188.856,2150.86,21.5086,26665.68,266.6568,23575.57,"",3090.11,"",5629.22,56.2922,4689.97,"",939.25,"",5.0996,5.0268,3.29,357.13,"","",219.13,242.12,119.49,72829.0,728.29,728.29,-51808.56,1.2328,1.8268,96.0,78.0,18.0,"","","",42.0,35.0,7.0,54.0,43.0,11.0,43.75,44.87,38.89,219.13,"",242.12,"",119.49,"",634.9,19.5402,673.59,"",441.44,"",104.24,3.8814,109.07,"",85.39,"",6.0908,6.1758,5.1697,7823.71,7823.71,1606.6,170.3242,"","",29.34,"","",269.3,269.3,132.35,9.0614,"","",4.78,"","",108.0,112.0,90.0,222.0,"","",19.0,"","",20.78,19.35,3.3,210.2044,188.856,21.5086,"","","","",7805.58,"","","","","",0.0,"",15108.0,151.08,21526.47,215.71,21526.47,215.71,215.71,"28天",1233.02,12.3302,2577.96,25.7796,2577.96,25.7796,0.2075,11422.03,"","","","Rank 81.",89.0,144.0,10.0,6.0,5.0,4.0
21576.52,215.7652,2639.51,26.3951,100.0,44.0,"44/100",5.1447,10000.0,"","",21576.52,215.7652,19745.28,197.4528,1848.03,18.4803,27281.47,272.8147,24173.03,"",3108.44,"",5688.16,56.8816,4427.75,"",1260.41,"",5.1447,5.4594,2.4662,371.4,"","",215.93,249.94,88.0,72829.0,728.29,728.29,-51252.48,1.1941,1.7664,100.0,79.0,21.0,"","","",44.0,36.0,8.0,56.0,43.0,13.0,44.0,45.57,38.1,215.93,"",249.94,"",88.0,"",620.03,18.9197,671.47,"",388.55,"",101.57,3.7596,102.97,"",96.95,"",6.1045,6.521,4.0077,8195.91,8195.91,1200.36,165.6856,"","",30.04,"","",258.21,258.21,143.72,8.4643,"","",4.54,"","",99.0,107.0,71.0,201.0,"","",19.0,"","",21.14,19.94,2.87,215.7652,197.4528,18.4803,"","","","",8356.19,"","","","","",0.0,"",15585.0,155.85,22038.57,220.91,22038.57,220.91,220.91,"32天",1320.77,13.2077,2639.51,26.3951,2639.51,26.3951,0.2364,12210.01,"","","","Rank 82.",55.0,144.0,9.0,5.0,4.0,3.0
21576.52,215.7652,2639.51,26.3951,100.0,44.0,"44/100",5.1447,10000.0,"","",21576.52,215.7652,19745.28,197.4528,1848.03,18.4803,27281.47,272.8147,24173.03,"",3108.44,"",5688.16,56.8816,4427.75,"",1260.41,"",5.1447,5.4594,2.4662,371.4,"","",215.93,249.94,88.0,72829.0,728.29,728.29,-51252.48,1.1941,1.7664,100.0,79.0,21.0,"","","",44.0,36.0,8.0,56.0,43.0,13.0,44.0,45.57,38.1,215.93,"",249.94,"",88.0,"",620.03,18.9197,671.47,"",388.55,"",101.57,3.7596,102.97,"",96.95,"",6.1045,6.521,4.0077,8195.91,8195.91,1200.36,165.6856,"","",30.04,"","",258.21,258.21,143.72,8.4643,"","",4.54,"","",99.0,107.0,71.0,201.0,"","",19.0,"","",21.14,19.94,2.87,215.7652,197.4528,18.4803,"","","","",8356.19,"","","","","",0.0,"",15585.0,155.85,22038.57,220.91,22038.57,220.91,220.91,"32天",1320.77,13.2077,2639.51,26.3951,2639.51,26.3951,0.2364,12210.01,"","","","Rank 83.",55.0,144.0,9.0,5.0,4.0,3.0
21576.52,215.7652,2639.51,26.3951,100.0,44.0,"44/100",5.1447,10000.0,"","",21576.52,215.7652,19745.28,197.4528,1848.03,18.4803,27281.47,272.8147,24173.03,"",3108.44,"",5688.16,56.8816,4427.75,"",1260.41,"",5.1447,5.4594,2.4662,371.4,"","",215.93,249.94,88.0,72829.0,728.29,728.29,-51252.48,1.1941,1.7664,100.0,79.0,21.0,"","","",44.0,36.0,8.0,56.0,43.0,13.0,44.0,45.57,38.1,215.93,"",249.94,"",88.0,"",620.03,18.9197,671.47,"",388.55,"",101.57,3.7596,102.97,"",96.95,"",6.1045,6.521,4.0077,8195.91,8195.91,1200.36,165.6856,"","",30.04,"","",258.21,258.21,143.72,8.4643,"","",4.54,"","",99.0,107.0,71.0,201.0,"","",19.0,"","",21.14,19.94,2.87,215.7652,197.4528,18.4803,"","","","",8356.19,"","","","","",0.0,"",15585.0,155.85,22038.57,220.91,22038.57,220.91,220.91,"32天",1320.77,13.2077,2639.51,26.3951,2639.51,26.3951,0.2364,12210.01,"","","","Rank 84.",55.0,144.0,9.0,5.0,4.0,3.0
21576.52,215.7652,2639.51,26.3951,100.0,44.0,"44/100",5.1447,10000.0,"","",21576.52,215.7652,19745.28,197.4528,1848.03,18.4803,27281.47,272.8147,24173.03,"",3108.44,"",5688.16,56.8816,4427.75,"",1260.41,"",5.1447,5.4594,2.4662,371.4,"","",215.93,249.94,88.0,72829.0,728.29,728.29,-51252.48,1.1941,1.7664,100.0,79.0,21.0,"","","",44.0,36.0,8.0,56.0,43.0,13.0,44.0,45.57,38.1,215.93,"",249.94,"",88.0,"",620.03,18.9197,671.47,"",388.55,"",101.57,3.7596,102.97,"",96.95,"",6.1045,6.521,4.0077,8195.91,8195.91,1200.36,165.6856,"","",30.04,"","",258.21,258.21,143.72,8.4643,"","",4.54,"","",99.0,107.0,71.0,201.0,"","",19.0,"","",21.14,19.94,2.87,215.7652,197.4528,18.4803,"","","","",8356.19,"","","","","",0.0,"",15585.0,155.85,22038.57,220.91,22038.57,220.91,220.91,"32天",1320.77,13.2077,2639.51,26.3951,2639.51,26.3951,0.2364,12210.01,"","","","Rank 85.",55.0,144.0,9.0,5.0,4.0,3.0
21576.52,215.7652,2639.51,26.3951,100.0,44.0,"44/100",5.1447,10000.0,"","",21576.52,215.7652,19745.28,197.4528,1848.03,18.4803,27281.47,272.8147,24173.03,"",3108.44,"",5688.16,56.8816,4427.75,"",1260.41,"",5.1447,5.4594,2.4662,371.4,"","",215.93,249.94,88.0,72829.0,728.29,728.29,-51252.48,1.1941,1.7664,100.0,79.0,21.0,"","","",44.0,36.0,8.0,56.0,43.0,13.0,44.0,45.57,38.1,215.93,"",249.94,"",88.0,"",620.03,18.9197,671.47,"",388.55,"",101.57,3.7596,102.97,"",96.95,"",6.1045,6.521,4.0077,8195.91,8195.91,1200.36,165.6856,"","",30.04,"","",258.21,258.21,143.72,8.4643,"","",4.54,"","",99.0,107.0,71.0,201.0,"","",19.0,"","",21.14,19.94,2.87,215.7652,197.4528,18.4803,"","","","",8356.19,"","","","","",0.0,"",15585.0,155.85,22038.57,220.91,22038.57,220.91,220.91,"32天",1320.77,13.2077,2639.51,26.3951,2639.51,26.3951,0.2364,12210.01,"","","","Rank 86.",55.0,144.0,9.0,5.0,4.0,3.0
21660.25,216.6025,2700.59,27.0059,104.0,44.23,"46/104",5.0294,10000.0,"","",21660.25,216.6025,19809.78,198.0978,1867.49,18.6749,27394.74,273.9474,24278.3,"",3116.44,"",5717.47,57.1747,4468.52,"",1248.95,"",5.0294,5.4332,2.4952,379.61,"","",208.43,238.67,88.93,72829.0,728.29,728.29,-51168.75,1.1952,1.7687,104.0,83.0,21.0,"","","",46.0,37.0,9.0,58.0,46.0,12.0,44.23,44.58,42.86,208.43,"",238.67,"",88.93,"",595.54,18.3312,656.17,"",346.27,"",98.58,3.7266,97.14,"",104.08,"",6.0412,6.7549,3.327,8195.91,8195.91,1200.36,165.6856,"","",29.92,"","",258.21,258.21,143.72,8.4705,"","",4.52,"","",95.0,101.0,71.0,193.0,"","",18.0,"","",21.19,19.98,2.9,216.6025,198.0978,18.6749,"","","","",8388.62,"","","","","",0.0,"",15577.0,155.77,22122.3,221.75,22122.3,221.75,221.75,"33天",1343.12,13.4312,2700.59,27.0059,2700.59,27.0059,0.2364,12121.68,"","","","Rank 87.",55.0,144.0,9.0,5.0,3.0,4.0
21660.25,216.6025,2700.59,27.0059,104.0,44.23,"46/104",5.0294,10000.0,"","",21660.25,216.6025,19809.78,198.0978,1867.49,18.6749,27394.74,273.9474,24278.3,"",3116.44,"",5717.47,57.1747,4468.52,"",1248.95,"",5.0294,5.4332,2.4952,379.61,"","",208.43,238.67,88.93,72829.0,728.29,728.29,-51168.75,1.1952,1.7687,104.0,83.0,21.0,"","","",46.0,37.0,9.0,58.0,46.0,12.0,44.23,44.58,42.86,208.43,"",238.67,"",88.93,"",595.54,18.3312,656.17,"",346.27,"",98.58,3.7266,97.14,"",104.08,"",6.0412,6.7549,3.327,8195.91,8195.91,1200.36,165.6856,"","",29.92,"","",258.21,258.21,143.72,8.4705,"","",4.52,"","",95.0,101.0,71.0,193.0,"","",18.0,"","",21.19,19.98,2.9,216.6025,198.0978,18.6749,"","","","",8388.62,"","","","","",0.0,"",15577.0,155.77,22122.3,221.75,22122.3,221.75,221.75,"33天",1343.12,13.4312,2700.59,27.0059,2700.59,27.0059,0.2364,12121.68,"","","","Rank 88.",55.0,144.0,9.0,5.0,3.0,4.0
20418.53,204.1853,2654.48,26.5448,115.0,40.87,"47/115",3.9364,10000.0,"","",20418.53,204.1853,19351.75,193.5175,1085.45,10.8545,27914.48,279.1448,25061.17,"",2853.31,"",7477.28,74.7728,5709.42,"",1767.86,"",3.9364,4.3894,1.614,418.52,"","",177.72,219.9,40.2,72829.0,728.29,728.29,-52410.47,1.3359,1.992,115.0,88.0,27.0,"","","",47.0,36.0,11.0,68.0,52.0,16.0,40.87,40.91,40.74,177.72,"",219.9,"",40.2,"",593.93,18.5692,696.14,"",259.39,"",109.96,4.0908,109.8,"",110.49,"",5.4013,6.3401,2.3476,8428.29,8428.29,1184.87,185.806,"","",30.19,"","",269.3,269.3,160.52,9.0614,"","",3.6,"","",88.0,98.0,56.0,189.0,"","",18.0,"","",20.39,19.67,1.73,204.1853,193.5175,10.8545,"","","","",7582.08,"","","","","",0.0,"0天",15289.0,152.89,21179.86,216.97,21179.86,216.97,216.97,"32天",1267.92,12.6792,2654.48,26.5448,2654.48,26.5448,2.3854,11338.69,"","","","Rank 89.",89.0,89.0,9.0,5.0,5.0,5.0
20991.14,209.9114,2786.67,27.8667,122.0,44.26,"54/122",4.134,10000.0,"","",20991.14,209.9114,19818.43,198.1843,1192.31,11.9231,28362.54,283.6254,25297.0,"",3065.54,"",7351.8,73.518,5478.57,"",1873.23,"",4.134,4.6174,1.6365,442.39,"","",172.22,215.41,39.74,72829.0,728.29,728.29,-51837.86,1.1591,1.7146,122.0,92.0,30.0,"","","",54.0,40.0,14.0,68.0,52.0,16.0,44.26,43.48,46.67,172.22,"",215.41,"",39.74,"",525.23,16.2271,632.42,"",218.97,"",108.11,4.1081,105.36,"",117.08,"",4.8583,6.0025,1.8703,8680.54,8680.54,778.36,174.4017,"","",30.61,"","",258.21,258.21,173.26,10.6412,"","",3.51,"","",80.0,96.0,31.0,161.0,"","",16.0,"","",20.76,19.99,1.9,209.9114,198.1843,11.9231,"","","","",8129.48,"","","","","",0.0,"0天",15937.0,159.37,21751.16,222.93,21751.16,222.93,222.93,"36天",1374.49,13.7449,2786.67,27.8667,2786.67,27.8667,2.4293,12104.85,"","","","Rank 90.",55.0,89.0,9.0,3.0,4.0,3.0
20991.14,209.9114,2786.67,27.8667,122.0,44.26,"54/122",4.134,10000.0,"","",20991.14,209.9114,19818.43,198.1843,1192.31,11.9231,28362.54,283.6254,25297.0,"",3065.54,"",7351.8,73.518,5478.57,"",1873.23,"",4.134,4.6174,1.6365,442.39,"","",172.22,215.41,39.74,72829.0,728.29,728.29,-51837.86,1.1591,1.7146,122.0,92.0,30.0,"","","",54.0,40.0,14.0,68.0,52.0,16.0,44.26,43.48,46.67,172.22,"",215.41,"",39.74,"",525.23,16.2271,632.42,"",218.97,"",108.11,4.1081,105.36,"",117.08,"",4.8583,6.0025,1.8703,8680.54,8680.54,778.36,174.4017,"","",30.61,"","",258.21,258.21,173.26,10.6412,"","",3.51,"","",80.0,96.0,31.0,161.0,"","",16.0,"","",20.76,19.99,1.9,209.9114,198.1843,11.9231,"","","","",8129.48,"","","","","",0.0,"0天",15937.0,159.37,21751.16,222.93,21751.16,222.93,222.93,"36天",1374.49,13.7449,2786.67,27.8667,2786.67,27.8667,2.4293,12104.85,"","","","Rank 91.",55.0,89.0,9.0,3.0,4.0,3.0
20991.14,209.9114,2786.67,27.8667,122.0,44.26,"54/122",4.134,10000.0,"","",20991.14,209.9114,19818.43,198.1843,1192.31,11.9231,28362.54,283.6254,25297.0,"",3065.54,"",7351.8,73.518,5478.57,"",1873.23,"",4.134,4.6174,1.6365,442.39,"","",172.22,215.41,39.74,72829.0,728.29,728.29,-51837.86,1.1591,1.7146,122.0,92.0,30.0,"","","",54.0,40.0,14.0,68.0,52.0,16.0,44.26,43.48,46.67,172.22,"",215.41,"",39.74,"",525.23,16.2271,632.42,"",218.97,"",108.11,4.1081,105.36,"",117.08,"",4.8583,6.0025,1.8703,8680.54,8680.54,778.36,174.4017,"","",30.61,"","",258.21,258.21,173.26,10.6412,"","",3.51,"","",80.0,96.0,31.0,161.0,"","",16.0,"","",20.76,19.99,1.9,209.9114,198.1843,11.9231,"","","","",8129.48,"","","","","",0.0,"0天",15937.0,159.37,21751.16,222.93,21751.16,222.93,222.93,"36天",1374.49,13.7449,2786.67,27.8667,2786.67,27.8667,2.4293,12104.85,"","","","Rank 92.",55.0,89.0,9.0,3.0,4.0,3.0
20991.14,209.9114,2786.67,27.8667,122.0,44.26,"54/122",4.134,10000.0,"","",20991.14,209.9114,19818.43,198.1843,1192.31,11.9231,28362.54,283.6254,25297.0,"",3065.54,"",7351.8,73.518,5478.57,"",1873.23,"",4.134,4.6174,1.6365,442.39,"","",172.22,215.41,39.74,72829.0,728.29,728.29,-51837.86,1.1591,1.7146,122.0,92.0,30.0,"","","",54.0,40.0,14.0,68.0,52.0,16.0,44.26,43.48,46.67,172.22,"",215.41,"",39.74,"",525.23,16.2271,632.42,"",218.97,"",108.11,4.1081,105.36,"",117.08,"",4.8583,6.0025,1.8703,8680.54,8680.54,778.36,174.4017,"","",30.61,"","",258.21,258.21,173.26,10.6412,"","",3.51,"","",80.0,96.0,31.0,161.0,"","",16.0,"","",20.76,19.99,1.9,209.9114,198.1843,11.9231,"","","","",8129.48,"","","","","",0.0,"0天",15937.0,159.37,21751.16,222.93,21751.16,222.93,222.93,"36天",1374.49,13.7449,2786.67,27.8667,2786.67,27.8667,2.4293,12104.85,"","","","Rank 93.",55.0,89.0,9.0,3.0,4.0,3.0
20991.14,209.9114,2786.67,27.8667,122.0,44.26,"54/122",4.134,10000.0,"","",20991.14,209.9114,19818.43,198.1843,1192.31,11.9231,28362.54,283.6254,25297.0,"",3065.54,"",7351.8,73.518,5478.57,"",1873.23,"",4.134,4.6174,1.6365,442.39,"","",172.22,215.41,39.74,72829.0,728.29,728.29,-51837.86,1.1591,1.7146,122.0,92.0,30.0,"","","",54.0,40.0,14.0,68.0,52.0,16.0,44.26,43.48,46.67,172.22,"",215.41,"",39.74,"",525.23,16.2271,632.42,"",218.97,"",108.11,4.1081,105.36,"",117.08,"",4.8583,6.0025,1.8703,8680.54,8680.54,778.36,174.4017,"","",30.61,"","",258.21,258.21,173.26,10.6412,"","",3.51,"","",80.0,96.0,31.0,161.0,"","",16.0,"","",20.76,19.99,1.9,209.9114,198.1843,11.9231,"","","","",8129.48,"","","","","",0.0,"0天",15937.0,159.37,21751.16,222.93,21751.16,222.93,222.93,"36天",1374.49,13.7449,2786.67,27.8667,2786.67,27.8667,2.4293,12104.85,"","","","Rank 94.",55.0,89.0,9.0,3.0,4.0,3.0
20909.25,209.0925,2848.41,28.4841,119.0,41.18,"49/119",4.1599,10000.0,"","",20909.25,209.0925,19818.43,198.1843,1110.09,11.1009,28199.2,281.992,25297.0,"",2902.2,"",7270.68,72.7068,5478.57,"",1792.11,"",4.1599,4.6174,1.6194,431.22,"","",175.87,215.41,41.12,72829.0,728.29,728.29,-51919.75,1.154,1.7067,119.0,92.0,27.0,"","","",49.0,40.0,9.0,70.0,52.0,18.0,41.18,43.48,33.33,175.87,"",215.41,"",41.12,"",575.49,17.5831,632.42,"",322.47,"",103.87,3.9495,105.36,"",99.56,"",5.5405,6.0025,3.239,8680.54,8680.54,1200.36,174.4017,"","",30.78,"","",258.21,258.21,173.26,10.6412,"","",3.55,"","",87.0,96.0,57.0,188.0,"","",16.0,"","",20.71,19.99,1.77,209.0925,198.1843,11.1009,"","","","",8097.77,"","","","","",0.0,"0天",15801.0,158.01,21698.09,222.38,21698.09,222.38,222.38,"40天",1404.1,14.041,2848.41,28.4841,2848.41,28.4841,2.4293,11915.68,"","","","Rank 95.",55.0,89.0,9.0,5.0,4.0,3.0
20954.31,209.5431,2860.34,28.6034,125.0,42.4,"53/125",4.0019,10000.0,"","",20954.31,209.5431,19955.64,199.5564,1018.43,10.1843,28388.66,283.8866,25592.42,"",2796.24,"",7414.59,74.1459,5636.78,"",1777.81,"",4.0019,4.5403,1.5729,445.55,"","",167.79,205.73,36.37,72829.0,728.29,728.29,-51874.69,1.152,1.7057,125.0,97.0,28.0,"","","",53.0,41.0,12.0,72.0,56.0,16.0,42.4,42.27,42.86,167.79,"",205.73,"",36.37,"",535.64,16.5869,624.21,"",233.02,"",102.98,3.9422,100.66,"",111.11,"",5.2014,6.2012,2.0972,8680.54,8680.54,1209.56,174.4017,"","",30.58,"","",258.21,258.21,173.26,9.4743,"","",3.48,"","",80.0,92.0,40.0,168.0,"","",16.0,"","",20.74,20.08,1.63,209.5431,199.5564,10.1843,"","","","",8115.22,"","","","","",0.0,"0天",15883.0,158.83,21733.95,222.75,21733.95,222.75,222.75,"42天",1451.76,14.5176,2860.34,28.6034,2860.34,28.6034,2.4293,12125.21,"","","","Rank 96.",55.0,89.0,9.0,4.0,3.0,4.0
20846.76,208.4676,2856.18,28.5618,118.0,40.68,"48/118",4.1944,10000.0,"","",20846.76,208.4676,19818.43,198.1843,1047.52,10.4752,28045.45,280.4545,25297.0,"",2748.45,"",7179.5,71.795,5478.57,"",1700.93,"",4.1944,4.6174,1.6159,427.99,"","",176.83,215.41,40.29,72829.0,728.29,728.29,-51982.24,1.1508,1.7017,118.0,92.0,26.0,"","","",48.0,40.0,8.0,70.0,52.0,18.0,40.68,43.48,30.77,176.83,"",215.41,"",40.29,"",584.28,17.8403,632.42,"",343.56,"",102.56,3.9013,105.36,"",94.5,"",5.697,6.0025,3.6356,8680.54,8680.54,1190.93,174.4017,"","",30.95,"","",258.21,258.21,173.26,10.6412,"","",3.6,"","",90.0,96.0,67.0,195.0,"","",17.0,"","",20.67,19.99,1.68,208.4676,198.1843,10.4752,"","","","",8073.57,"","","","","",0.0,"0天",15704.0,157.04,21537.54,220.74,21537.54,220.74,220.74,"40天",1426.95,14.2695,2856.18,28.5618,2856.18,28.5618,2.4293,11891.86,"","","","Rank 97.",55.0,89.0,9.0,6.0,4.0,3.0
20846.76,208.4676,2856.18,28.5618,118.0,40.68,"48/118",4.1944,10000.0,"","",20846.76,208.4676,19818.43,198.1843,1047.52,10.4752,28045.45,280.4545,25297.0,"",2748.45,"",7179.5,71.795,5478.57,"",1700.93,"",4.1944,4.6174,1.6159,427.99,"","",176.83,215.41,40.29,72829.0,728.29,728.29,-51982.24,1.1508,1.7017,118.0,92.0,26.0,"","","",48.0,40.0,8.0,70.0,52.0,18.0,40.68,43.48,30.77,176.83,"",215.41,"",40.29,"",584.28,17.8403,632.42,"",343.56,"",102.56,3.9013,105.36,"",94.5,"",5.697,6.0025,3.6356,8680.54,8680.54,1190.93,174.4017,"","",30.95,"","",258.21,258.21,173.26,10.6412,"","",3.6,"","",90.0,96.0,67.0,195.0,"","",17.0,"","",20.67,19.99,1.68,208.4676,198.1843,10.4752,"","","","",8073.57,"","","","","",0.0,"0天",15704.0,157.04,21537.54,220.74,21537.54,220.74,220.74,"40天",1426.95,14.2695,2856.18,28.5618,2856.18,28.5618,2.4293,11891.86,"","","","Rank 98.",55.0,89.0,9.0,6.0,4.0,3.0
20846.76,208.4676,2856.18,28.5618,118.0,40.68,"48/118",4.1944,10000.0,"","",20846.76,208.4676,19818.43,198.1843,1047.52,10.4752,28045.45,280.4545,25297.0,"",2748.45,"",7179.5,71.795,5478.57,"",1700.93,"",4.1944,4.6174,1.6159,427.99,"","",176.83,215.41,40.29,72829.0,728.29,728.29,-51982.24,1.1508,1.7017,118.0,92.0,26.0,"","","",48.0,40.0,8.0,70.0,52.0,18.0,40.68,43.48,30.77,176.83,"",215.41,"",40.29,"",584.28,17.8403,632.42,"",343.56,"",102.56,3.9013,105.36,"",94.5,"",5.697,6.0025,3.6356,8680.54,8680.54,1190.93,174.4017,"","",30.95,"","",258.21,258.21,173.26,10.6412,"","",3.6,"","",90.0,96.0,67.0,195.0,"","",17.0,"","",20.67,19.99,1.68,208.4676,198.1843,10.4752,"","","","",8073.57,"","","","","",0.0,"0天",15704.0,157.04,21537.54,220.74,21537.54,220.74,220.74,"40天",1426.95,14.2695,2856.18,28.5618,2856.18,28.5618,2.4293,11891.86,"","","","Rank 99.",55.0,89.0,9.0,6.0,4.0,3.0
20656.99,206.5699,2935.53,29.3553,114.0,39.47,"45/114",4.1278,10000.0,"","",20656.99,206.5699,19628.46,196.2846,1047.52,10.4752,27872.25,278.7225,25123.8,"",2748.45,"",7196.27,71.9627,5495.34,"",1700.93,"",4.1278,4.5718,1.6159,418.61,"","",181.37,223.05,40.29,72829.0,728.29,728.29,-52172.01,1.144,1.6911,114.0,88.0,26.0,"","","",45.0,37.0,8.0,69.0,51.0,18.0,39.47,42.05,30.77,181.37,"",223.05,"",40.29,"",619.38,18.8656,679.02,"",343.56,"",104.29,3.8383,107.75,"",94.5,"",5.939,6.3018,3.6356,8680.54,8680.54,1190.93,174.4017,"","",31.14,"","",258.21,258.21,173.26,9.0614,"","",3.59,"","",93.0,100.0,67.0,206.0,"","",19.0,"","",20.54,19.86,1.68,206.5699,196.2846,10.4752,"","","","",8000.07,"","","","","",0.0,"0天",15475.0,154.75,21347.76,218.79,21347.76,218.79,218.79,"42天",1473.4,14.734,2935.53,29.3553,2935.53,29.3553,2.4293,11590.36,"","","","Rank 100.",55.0,89.0,9.0,6.0,5.0,3.0
